German subsidiary,TFR-500_link_type,TFR-500_org_type,TFR-500,Tenenbaum_link_type,Tenenbaum_org_type,Tenenbaum,Moodys 32_link_type,Moodys 32_org_type,Moodys 32,Moodys 34_link_type,Moodys 34_org_type,Moodys 34,IDed in HB 32_link_type,IDed in HB 32_org_type,IDed in HB 32,IDed in HB 34_link_type,IDed in HB 34_org_type,IDed in HB 34,IDed in HB GmbH_link_type,IDed in HB GmbH_org_type,IDed in HB GmbH,Present in HB 32,Present in HB 34,Present in HB GmbH
"""Borvisk"" Kunstseiden A. G.",USO,AG,True,,,False,,,False,,,False,,,False,,,False,,,False,True,True,False
"""Borvisk"" Kunstseiden-Vertriebsgesellschaft, m.b.H.",USO,GmbH,True,,,False,,,False,,,False,,,False,,,False,,,False,False,False,True
"""Debag"" Betriebstoff A.G.",,,False,USO,AG,True,,,False,,,False,,,False,,,False,,,False,True,True,False
"""Dom"" Finanz A. G. für chemische Unternehmenungen",,,False,USO,AG,True,,,False,,,False,,,False,,,False,,,False,True,True,False
"""Gluckauf"" Deutsche Oel Gesellschaft Hersfeld & Co., G.m.b.H.",USO,GmbH,True,,,False,,,False,,,False,,,False,,,False,,,False,False,False,False
"""Rustica"" A.G. fuer Grunderwerb",USO,AG,True,,,False,,,False,,,False,,,False,,,False,,,False,True,True,False
"""Volta"" Telephon & Signalbau G.m.b.H.",USO,GmbH,True,USO,GmbH,True,,,False,,,False,,,False,,,False,,,False,False,False,True
"A. B. P. Gefolgschoftsheime, G.m.b.H.",USO,GmbH,True,,,False,,,False,,,False,,,False,,,False,,,False,False,False,False
A. S. Hinds AG,USO,AG,True,,,False,,,False,,,False,,,False,,,False,,,False,True,True,False
A.G. vormals Seidel and Neumann,USO,AG,True,,,False,,,False,,,False,,,False,,,False,,,False,True,True,False
ARMCO Eisen G.m.b.H.,USO,GmbH,True,USO,GmbH,True,,,False,,,False,,,False,,,False,,,False,False,False,False
Actien-Bierbrauerei,,,False,,,False,,,False,,,False,USC,AG,True,USC,AG,True,,,False,True,True,False
Adam Opel Aktiengesellschaft,USO,AG,True,USO,AG,True,USO,AG,True,USO,AG,True,USO,AG,True,USO,AG,True,,,False,True,True,False
Addressograph-Multigraph G.m.b.H.,USO,GmbH,True,USO,GmbH,True,,,False,USO,GmbH,True,,,False,,,False,USO,GmbH,True,False,False,True
Adrema Maschinenebau G.m.b.H.,USO,GmbH,True,USO,GmbH,True,,,False,,,False,,,False,,,False,,,False,False,False,True
Aeolian Company,,,False,,,False,,,False,,,False,,,False,,,False,USO,GmbH,True,False,False,True
Agfa Photo Gesellschaft,,,False,,,False,,,False,,,False,,,False,,,False,DEO,GmbH,True,False,False,True
"Ahr, Krath and Co.",USC,Others,True,,,False,,,False,,,False,,,False,,,False,,,False,False,False,False
Akt.-Ges. für Erwerb und Verwaltung von Grundbesitz,,,False,,,False,,,False,,,False,USC,AG,True,USC,AG,True,,,False,True,True,False
"Aktien-Malsfabrik Landsburg, A. G.",USO,AG,True,,,False,,,False,,,False,,,False,,,False,,,False,True,True,False
Aktiengesellschaft fuer Anlagewerte,USO,AG,True,,,False,,,False,,,False,,,False,,,False,,,False,False,True,False
"Aktiengesellschaft fuer Geschaeftshausbau (Leipzig, Germany)",,,False,,,False,USO,AG,True,,,False,,,False,,,False,,,False,True,True,False
Aktiengesellsehaft für Konzessionsunternehmen,,,False,,,False,,,False,,,False,USC,AG,True,USC,AG,True,,,False,True,True,False
"Alex. Zink, Filzfabrik, Akt.-Ges.",,,False,,,False,,,False,,,False,USC,AG,True,USC,AG,True,,,False,True,True,False
Allgemeine Automobil-Versicherungs-Aktiengesellschaft,,,False,,,False,,,False,,,False,USOP,AG,True,,,False,,,False,True,False,False
Allgemeine Elektricitäts-Gesellschaft,,,False,USO,AG,True,USOP,AG,True,USO,AG,True,USOP,AG,True,USO,AG,True,,,False,True,True,False
"Allgemeine Erdol Gesellschaft, m.b.H.",USO,GmbH,True,,,False,,,False,,,False,,,False,,,False,,,False,False,False,True
Allgemeine Finanzierungs Gesellschaft m.b.H.,USO,GmbH,True,,,False,USO,GmbH,True,USO,GmbH,True,,,False,,,False,,,False,False,False,True
"Allgemeine Oel-Handels, GmbH. (Oelhag)",USO,GmbH,True,USO,GmbH,True,,,False,USO,GmbH,True,,,False,,,False,,,False,False,False,True
Allgemeine Transportmittel Aktiengesellschaft,,,False,USO,AG,True,,,False,USO,AG,True,USOP,AG,True,USOP,AG,True,,,False,True,True,False
"Almco Waschereimaschinen, GmbH",USO,GmbH,True,,,False,,,False,,,False,,,False,,,False,,,False,False,False,True
Alpenminen A. G.,USO,AG,True,,,False,,,False,,,False,,,False,,,False,,,False,False,False,False
"Ambi-Budd Presswerk, G.m.b.H.",USO,GmbH,True,USO,GmbH,True,,,False,,,False,,,False,,,False,,,False,False,False,True
American Express Company mit Beschrankter Haftung,USO,GmbH,True,USO,GmbH,True,,,False,,,False,,,False,,,False,,,False,False,False,True
American News Company,,,False,,,False,,,False,,,False,,,False,,,False,USC,GmbH,True,False,False,True
American Oil Company,,,False,,,False,,,False,,,False,,,False,,,False,USO,GmbH,True,False,False,True
Amira Akt.-Ges.,,,False,,,False,,,False,,,False,USC,AG,True,,,False,,,False,True,False,False
Anhaltische Kohlenwerke,,,False,,,False,,,False,,,False,USC,AG,True,USC,AG,True,,,False,True,True,False
Anker Kohlen & Brikettwerke G.m.b.H.,USO,GmbH,True,,,False,,,False,,,False,,,False,,,False,,,False,False,False,True
Artus Hanse Transport G.m.b.H.,USO,GmbH,True,,,False,,,False,,,False,,,False,,,False,,,False,False,False,True
Askania Werke A. G.,,,False,DEO,AG,True,,,False,,,False,,,False,,,False,,,False,True,True,False
Associated Merchandising Corp. GmbH,USO,GmbH,True,,,False,,,False,,,False,,,False,,,False,,,False,False,False,True
Associated Press,USO,Others,True,,,False,,,False,,,False,,,False,,,False,,,False,False,False,False
Atreco Oel-Handels GmbH.,USO,GmbH,True,,,False,,,False,,,False,,,False,,,False,,,False,False,False,False
August Thyssen-Bank Akt.-Ges.,,,False,,,False,,,False,,,False,USOP,AG,True,,,False,,,False,True,True,False
B.K.S. Handelsgesellschaft m.b.H.,USO,GmbH,True,,,False,USO,GmbH,True,USO,GmbH,True,,,False,,,False,,,False,False,False,True
Bakelite Gesellschaft,,,False,,,False,,,False,USO,GmbH,True,,,False,,,False,USO,GmbH,True,False,False,True
"Baruta Import and Export, GmbH",USO,GmbH,True,,,False,,,False,,,False,,,False,,,False,,,False,False,False,True
Bates Maschinen GmbH,USO,GmbH,True,,,False,,,False,,,False,,,False,,,False,,,False,False,False,True
Bausch & Lomb Optical Co.,,,False,,,False,,,False,USC,GmbH,True,,,False,,,False,USO,GmbH,True,False,False,True
Bayerische Mineral Industrie AG,USO,AG,True,,,False,,,False,,,False,USO,AG,True,USO,AG,True,,,False,True,True,False
Bayerische Reisszeugfabrik AG,USO,AG,True,,,False,,,False,,,False,USC,AG,True,USC,AG,True,,,False,True,True,False
Bekleidungs-Aktiengesellschaft,USO,AG,True,,,False,,,False,,,False,,,False,,,False,,,False,False,True,False
Belton A.G.,,,False,USO,AG,True,,,False,,,False,,,False,,,False,,,False,False,False,False
Bergwerkgesellschaft Georg von Giesche's Erben,,,False,,,False,USO,GmbH,True,USO,GmbH,True,,,False,,,False,,,False,False,False,True
"Berlin-Oberschoeneweide, Germany",,,False,,,False,,,False,USO,GmbH,True,,,False,,,False,,,False,False,False,True
Berliner Kraft- und Licht-Aktiengesellschaft,,,False,,,False,,,False,,,False,USC,AG,True,USOP,AG,True,,,False,True,True,False
Berliner Städtische Elektrizitätswerke Akt.-Ges. (BEWAG),,,False,,,False,,,False,,,False,USC,AG,True,USOP,AG,True,,,False,True,True,False
Berliner Telephonie AG,USO,AG,True,USO,AG,True,,,False,,,False,,,False,,,False,,,False,False,False,False
Bernauer & Co.,USO,GmbH,True,,,False,,,False,,,False,,,False,,,False,,,False,False,False,True
Bernhoeft & Wilde,USO,GmbH,True,,,False,,,False,,,False,,,False,,,False,,,False,False,False,False
"Betz & Jay, GmbH",USO,GmbH,True,USO,GmbH,True,,,False,,,False,,,False,,,False,,,False,False,False,True
"Billeter & Klunz, Aktiengesellschaft",,,False,,,False,,,False,,,False,USC,AG,True,USC,AG,True,,,False,True,True,False
Blaw-Knox,,,False,,,False,USC,GmbH,True,USC,GmbH,True,,,False,,,False,USO,GmbH,True,False,False,True
"Born, Mehring & Co, G.m.b.H.",USO,GmbH,True,,,False,,,False,,,False,,,False,,,False,,,False,False,False,True
Boston Blacking Company G.m.b.H.,USO,GmbH,True,,,False,,,False,,,False,,,False,,,False,USO,GmbH,True,False,False,True
Branch-Dr. Deimel's Maschenleinen-Fabrik-(Deimel Linen-Mesh System Co. U.S.A.),USO,GmbH,True,,,False,,,False,,,False,,,False,,,False,,,False,False,False,True
Brankaer Eisenwerke,USO,AG,True,,,False,USO,AG,True,USO,AG,True,,,False,,,False,,,False,False,False,False
British-American Tobacco (Deutschland) G.m.b.H. ,,,False,USOP,GmbH,True,,,False,,,False,,,False,,,False,,,False,False,False,False
Bronzefarbenwerke A.-G. vorm. Carl Schlenk,,,False,,,False,,,False,,,False,USOP,AG,True,,,False,,,False,True,True,False
Busscher & Hoffman Aktiengesellschaft,USO,AG,True,,,False,,,False,,,False,,,False,,,False,,,False,True,True,False
"Butler Brothers, G.m.b.H.",USO,GmbH,True,,,False,,,False,,,False,,,False,,,False,USO,GmbH,True,False,False,True
C. H. Knorr A.G.,USO,AG,True,,,False,,,False,,,False,,,False,,,False,,,False,True,True,False
C. Lorenz AG,,,False,USO,AG,True,,,False,,,False,USO,AG,True,USO,AG,True,,,False,True,True,False
Carrier Lufttechnische Gesellschaft,,,False,,,False,USC,GmbH,True,,,False,,,False,,,False,,,False,False,False,True
Cehapon Werk G.m.b.H.,USO,GmbH,True,,,False,,,False,,,False,,,False,,,False,,,False,False,False,True
Ch. Eitingon AG,USO,AG,True,,,False,USO,AG,True,USO,AG,True,USC,AG,True,USOP,AG,True,,,False,True,True,False
Chemische Fabrik Von Heyden of Germany,,,False,,,False,,,False,USC,Others,True,,,False,,,False,,,False,False,False,False
Chemische Werke Odin (Germany),,,False,,,False,USO,GmbH,True,USO,GmbH,True,,,False,,,False,,,False,False,False,True
Chesebrough Manufacturing Co. G.m.b.H.,USO,GmbH,True,,,False,,,False,,,False,,,False,,,False,USO,GmbH,True,False,False,True
Claudius Peters Aktiengesellschaft.,,,False,,,False,,,False,,,False,,,False,USOP,AG,True,,,False,False,True,False
Coca-Cola G.m.b.H.,USO,GmbH,True,USO,GmbH,True,,,False,,,False,,,False,,,False,USO,GmbH,True,False,False,True
Columbia Film,,,False,,,False,,,False,,,False,,,False,,,False,USC,GmbH,True,False,False,True
Commercial Investment Trust Akt.-Ges. (Citag),,,False,,,False,,,False,,,False,USO,AG,True,USO,AG,True,,,False,True,True,False
Comptometer G.m.b.H.,USO,GmbH,True,,,False,,,False,,,False,,,False,,,False,,,False,False,False,True
Concordia Hotel-Akt.-Ges.,,,False,,,False,,,False,,,False,USC,AG,True,,,False,,,False,True,True,False
Continale Cautchoucgesellschaft,,,False,USO,GmbH,True,,,False,,,False,,,False,,,False,,,False,False,False,False
"Continentale Crown Cork & Seal Co., G.m.b.H., Frankenthal Germany",,,False,,,False,,,False,USO,GmbH,True,,,False,,,False,,,False,False,False,True
Continentale Gummiwerke A.G. ,,,False,USO,AG,True,,,False,,,False,,,False,,,False,,,False,True,True,False
Convertgarten A.G.,USO,AG,True,,,False,,,False,,,False,,,False,,,False,,,False,True,True,False
Corn Products Co.,,,False,,,False,,,False,,,False,,,False,,,False,USO,GmbH,True,False,False,True
Cosmo Montangesellschaft fuer metallurgische Interessen m.b.H.,USO,GmbH,True,,,False,,,False,,,False,,,False,,,False,,,False,False,False,False
Credit Aktiengesellschaft für Ford-Fahrzeuge.,,,False,USO,AG,True,,,False,,,False,USC,AG,True,USC,AG,True,,,False,True,True,False
Creed Telegraph Apparate G.m.b.H.,,,False,USO,GmbH,True,,,False,,,False,,,False,,,False,,,False,False,False,True
D. S. Loewe Radio A.G. of Berlin (Germany) ,,,False,,,False,,,False,USC,AG,True,,,False,,,False,,,False,True,False,False
Damm & Ladwig Kommandit Gesellschaft und Dulv Aktiengesellschaft,USO,AG,True,USO,Others,True,USO,AG,True,USO,AG,True,USOP,AG,True,,,False,,,False,True,True,False
Danziger Handels- und Industriebank Akt.-Ges.,,,False,,,False,,,False,,,False,USC,AG,True,,,False,,,False,True,False,False
Danziger Hypothekenbank Akt.-Ges.,,,False,,,False,,,False,,,False,USC,AG,True,,,False,,,False,True,True,False
Dartex Aktiengesellschaft für Kautschuk-Verarbeitung,,,False,,,False,USO,AG,True,,,False,USO,AG,True,,,False,,,False,True,True,False
"Defaka, Deustche Familienkaufhaus G.m.b.H.",USO,GmbH,True,,,False,,,False,,,False,,,False,,,False,,,False,False,False,True
Denver Chemical Mfg. Co. G.m.b.H.,USO,GmbH,True,,,False,,,False,,,False,,,False,,,False,,,False,False,False,True
Deustche Babcock & Wilcock,USO,AG,True,,,False,,,False,,,False,,,False,,,False,,,False,False,True,False
Deutsch-Amerikanische Petroleum-Gesellschaft,USO,AG,True,USO,AG,True,USO,AG,True,USO,AG,True,USO,AG,True,USO,AG,True,,,False,True,True,False
Deutsch-Atlantische Telegraphengesellschaft,,,False,,,False,,,False,,,False,USOP,AG,True,USC,AG,True,,,False,True,True,False
Deutsche American Shipping Co. (Bremen) G.m.b.H.,USO,GmbH,True,,,False,,,False,,,False,,,False,,,False,,,False,False,False,True
Deutsche Babcock & Wilcox Dampfkessel-Werke AG,,,False,,,False,,,False,,,False,,,False,USOP,AG,True,,,False,False,True,False
Deutsche Burroughs Rechenmaschinen AG,USO,AG,True,USO,AG,True,,,False,,,False,,,False,,,False,,,False,True,True,False
Deutsche Carborumdum Werke,USO,GmbH,True,,,False,,,False,,,False,,,False,,,False,,,False,False,False,True
Deutsche Celotex Vertrieb,,,False,,,False,,,False,USO,GmbH,True,,,False,,,False,USO,GmbH,True,False,False,True
Deutsche Fox-Film Aktiengesellschaft,,,False,USO,AG,True,USO,AG,True,USO,AG,True,USOP,AG,True,USC,AG,True,,,False,True,True,False
Deutsche Gasolin AG,USO,AG,True,USO,AG,True,,,False,,,False,,,False,,,False,,,False,True,True,False
"Deutsche Geschaftmaschinen Gesellschaft, m.b.H.",,,False,,,False,USO,GmbH,True,,,False,,,False,,,False,,,False,False,False,True
Deutsche Goodrich Compagnie G.m.b.H.,,,False,USO,GmbH,True,,,False,,,False,,,False,,,False,,,False,False,False,True
Deutsche Heraklith A.G.,USO,AG,True,,,False,,,False,,,False,,,False,,,False,,,False,True,False,False
"Deutsche Hollerith Maschinen Gesellschaft, m.b.H.",USO,GmbH,True,USO,GmbH,True,USO,GmbH,True,,,False,,,False,,,False,,,False,False,False,True
"Deutsche Houghton Fabrik, K. G.",USC,Others,True,,,False,,,False,,,False,,,False,,,False,,,False,False,False,False
Deutsche Johnson A. G.,,,False,USO,AG,True,,,False,,,False,USC,AG,True,,,False,,,False,True,False,False
Deutsche Landerbank Aktiengesellschaft,USO,AG,True,,,False,,,False,,,False,,,False,,,False,,,False,True,True,False
Deutsche Libbey-Owens Gesellschaft für machinelle Glasherstellung A.G.,,,False,USO,AG,True,USC,AG,True,USC,AG,True,,,False,,,False,,,False,True,True,False
"Deutsche Libby Gesellschaft, m.b.H.",USO,GmbH,True,,,False,,,False,,,False,,,False,,,False,,,False,False,False,True
Deutsche Maizena G.m.b.H.,,,False,USO,GmbH,True,,,False,,,False,,,False,,,False,,,False,False,False,True
Deutsche Maizena Werke AG,USO,AG,True,USO,AG,True,,,False,,,False,USC,AG,True,USC,AG,True,,,False,True,True,False
"Deutsche Norton-Gesellschaft, m.b.H.",USO,GmbH,True,USO,GmbH,True,USO,GmbH,True,USO,GmbH,True,,,False,,,False,,,False,False,False,True
"Deutsche Royal Backpulver, Gesellschaft m.b.H, Berlin, Germany.",,,False,USO,GmbH,True,USO,GmbH,True,USO,GmbH,True,,,False,,,False,,,False,False,False,True
Deutsche Schollwerke G.m.b.H.,USO,GmbH,True,,,False,,,False,,,False,,,False,,,False,,,False,False,False,True
Deutsche Standard Werke G. m. b. H.,,,False,,,False,,,False,USO,GmbH,True,,,False,,,False,,,False,False,False,False
Deutsche Tafelglas Aktiengesellschaft (Detag). ,,,False,USO,AG,True,,,False,,,False,,,False,USOP,AG,True,,,False,True,True,False
"Deutsche Timken G.m.b.H., of Berlin",,,False,USO,GmbH,True,USO,GmbH,True,USOP,GmbH,True,,,False,,,False,,,False,False,False,True
Deutsche Ueberseeische Bank,,,False,,,False,,,False,,,False,USC,AG,True,,,False,,,False,True,False,False
Deutsche Underwood Elliott Fisher G.m.b.H.,USO,GmbH,True,,,False,,,False,,,False,,,False,,,False,USO,GmbH,True,False,False,True
"Deutsche Universal Film, A.G.",USO,AG,True,USO,AG,True,,,False,USO,AG,True,,,False,,,False,,,False,True,True,False
Deutsche Vacuum Oel AG,USO,AG,True,USO,AG,True,,,False,,,False,,,False,,,False,,,False,True,True,False
Deutsche Vereinigte Schuhmaschinen Gesellschaft,USO,GmbH,True,,,False,,,False,,,False,,,False,,,False,,,False,False,False,True
Deutsche Vertriebs Gesellschaft m.b.H. für Naturgetränke,,,False,USO,GmbH,True,,,False,,,False,,,False,,,False,,,False,False,False,True
Deutsche Worthington Gesellschaft m.b.H.,USO,GmbH,True,USO,GmbH,True,USO,GmbH,True,USO,GmbH,True,,,False,,,False,,,False,False,False,True
Deutsche-Fox Film A.G.,USO,AG,True,,,False,,,False,,,False,,,False,,,False,,,False,True,True,False
Dietaphone Co. m.b.H.,USO,GmbH,True,,,False,,,False,,,False,,,False,,,False,,,False,False,False,True
Dorr Gesellschaft m.b.H.,USO,GmbH,True,USO,GmbH,True,,,False,,,False,,,False,,,False,,,False,False,False,True
"Dorr-Oliver G.m.b.H., Berlin, Germany",,,False,,,False,USO,GmbH,True,,,False,,,False,,,False,,,False,False,False,False
Dr. Erich F. Huth G.m.b.H.,USO,GmbH,True,USOP,GmbH,True,,,False,,,False,,,False,,,False,,,False,False,False,True
Dreipreis Waren-Vertriebs-Aktiengesellschaft in Liqu.,,,False,,,False,,,False,,,False,USC,AG,True,,,False,,,False,True,False,False
Duco AG,USO,AG,True,USO,AG,True,,,False,,,False,,,False,,,False,,,False,True,True,False
Dumont,USO,Others,True,,,False,,,False,,,False,,,False,,,False,,,False,False,False,False
Durant Motors,,,False,,,False,,,False,,,False,,,False,,,False,USO,GmbH,True,False,False,True
"Durer Scheifmittel, G.m.b.H.",USO,GmbH,True,,,False,,,False,,,False,,,False,,,False,,,False,False,False,True
Dynamit-Act.-Ges. vormals Alfred Nobel & Co.,,,False,USO,AG,True,,,False,,,False,USO,AG,True,USO,AG,True,,,False,True,True,False
E. Gundlach A.G.,USO,AG,True,,,False,,,False,,,False,,,False,,,False,,,False,True,True,False
E. Merck of Munich,,,False,,,False,,,False,USC,Others,True,,,False,,,False,,,False,False,False,False
Eagle Oil Company of New York,,,False,,,False,,,False,,,False,,,False,,,False,USO,GmbH,True,False,False,True
Ebano Asphalt Gesellschaft m.b.H.,,,False,,,False,,,False,USO,GmbH,True,,,False,,,False,,,False,False,False,True
Ebano Asphalt-Werke Aktiengesellschaft,USO,AG,True,USO,AG,True,USO,AG,True,USO,AG,True,,,False,,,False,,,False,True,True,False
Eberhard Faber Kommanditgesellschaft,USO,GmbH,True,,,False,,,False,,,False,,,False,,,False,,,False,False,False,True
Edoel-Bergbau Aktiengesellschaft Celle Norddeutsche Mineraloel Aktiengesellschaft,USO,AG,True,,,False,,,False,,,False,,,False,,,False,,,False,True,False,False
Eduard Winter Akt.-Ges. für Kraftfahrzeuge,,,False,,,False,,,False,,,False,USC,AG,True,,,False,,,False,True,True,False
Eisenbahn Verkehrsmittel A.-G.,,,False,,,False,USC,AG,True,USC,AG,True,,,False,,,False,,,False,True,True,False
Eisenhof G.m.b.H.,USO,GmbH,True,,,False,,,False,,,False,,,False,,,False,,,False,False,False,False
Eisenlager G.m.b.H.,USO,GmbH,True,,,False,,,False,,,False,,,False,,,False,,,False,False,False,True
"Electrochemical Works of Munich, Germany",,,False,,,False,,,False,USC,Others,True,,,False,,,False,,,False,False,False,False
Elektrolux,,,False,,,False,,,False,,,False,,,False,,,False,USO,GmbH,True,False,False,True
Elektrolux A.G.,,,False,USO,AG,True,,,False,,,False,,,False,,,False,,,False,True,True,False
Elisabeth Arden G.m.b.H.,USO,GmbH,True,,,False,,,False,,,False,,,False,,,False,,,False,False,False,False
Emas A.G. fuer Strassenbaubedarf,,,False,,,False,,,False,USO,AG,True,,,False,,,False,,,False,True,True,False
"Emas Gesellschaft Fuer Strassenbaubedarf, m.b.H.",USO,GmbH,True,,,False,,,False,,,False,,,False,,,False,,,False,False,False,False
Emge-Union Oesterreichische Telephonwerke A.G.,,,False,USO,AG,True,,,False,,,False,,,False,,,False,,,False,False,False,False
Emil Frei Art Glass Co.,USO,Others,True,,,False,,,False,,,False,,,False,,,False,,,False,False,False,False
Emil Koster Aktiengesellschaft,USO,AG,True,,,False,,,False,,,False,,,False,,,False,,,False,True,True,False
"Emlichheimer Kartoffelmehlfabrik, Aktiengesellschaft,",,,False,,,False,,,False,,,False,USC,AG,True,,,False,,,False,True,True,False
Enziger Union Werke AG,,,False,DEO,AG,True,,,False,,,False,,,False,,,False,,,False,False,True,False
Equitable Life Assurance Society of the United States,USO,Others,True,,,False,,,False,,,False,,,False,,,False,,,False,False,False,False
"Erdoelwerke Wathlingen, Wuerttembergische Mineralgesellschaft m.b.H.",,,False,,,False,,,False,USO,GmbH,True,,,False,,,False,,,False,False,False,True
"Erdolbergbau A.G., Celle",USO,AG,True,,,False,,,False,,,False,,,False,,,False,,,False,True,True,False
Erkensator G.m.b.H.,USO,GmbH,True,,,False,,,False,,,False,,,False,,,False,,,False,False,False,True
Ethyl Gesellschaft m.b.H.,USO,GmbH,True,,,False,,,False,,,False,,,False,,,False,,,False,False,False,False
Euphalt Gesellschaft m.b.H.,,,False,,,False,,,False,USO,GmbH,True,,,False,,,False,,,False,False,False,True
Europäische Tanklager und Transport AG,USO,AG,True,USO,AG,True,,,False,,,False,,,False,,,False,,,False,True,True,False
Europäische Titeflex Metallschlauch-Aktiengesellschaft,USO,AG,True,,,False,,,False,,,False,USOP,AG,True,USOP,AG,True,,,False,True,True,False
Explora G.m.b.H.,,,False,,,False,USO,GmbH,True,,,False,,,False,,,False,,,False,False,False,False
F. W. Woolworth Co.,USO,Others,True,USO,GmbH,True,USO,GmbH,True,USO,GmbH,True,,,False,,,False,,,False,False,False,True
Farsals-Gesellschaft m.b.H.,USO,GmbH,True,,,False,,,False,,,False,,,False,,,False,,,False,False,False,False
Ferdinand Schuchhardt Berliner Fernsprech-und Telegraphenwerk AG,USO,AG,True,USO,AG,True,,,False,,,False,,,False,USOP,AG,True,,,False,True,True,False
Finkenheerder Obstwerke Richard Sonnenberg AG,USO,AG,True,,,False,,,False,,,False,,,False,USC,AG,True,,,False,True,True,False
Fisk Tyre Co. m.b.H.,,,False,USO,GmbH,True,,,False,,,False,,,False,,,False,,,False,False,False,False
Ford-Werke AG,USO,AG,True,USO,AG,True,,,False,,,False,USO,AG,True,USO,AG,True,,,False,True,True,False
Fox Tönende Wochenschau Aktiengesellschaft,USO,AG,True,,,False,USO,AG,True,,,False,USC,AG,True,USC,AG,True,,,False,True,True,False
Fr. Wwe. Wesseling G.m.b.H.,USO,GmbH,True,,,False,,,False,,,False,,,False,,,False,,,False,False,False,False
Fraenkischer Metallhandel G.m.b.H.,USO,GmbH,True,,,False,,,False,,,False,,,False,,,False,,,False,False,False,True
Francotype-Gesellschaft of Berlin,,,False,,,False,,,False,USC,GmbH,True,,,False,,,False,,,False,False,False,True
Frederick Wirth & Company G.m.b.H.,USO,GmbH,True,,,False,,,False,,,False,,,False,,,False,,,False,False,False,True
"Freidreichstrasse, 12, G.m.b.H.",USO,GmbH,True,,,False,,,False,,,False,,,False,,,False,,,False,False,False,False
"Freidreichstrasse, 12, G.m.b.H.",USO,GmbH,True,,,False,,,False,,,False,,,False,,,False,,,False,False,False,False
Frigidaire G.m.b.H.,USO,GmbH,True,USO,GmbH,True,,,False,,,False,,,False,,,False,,,False,False,False,True
"Fuerstenhof Carlton Hotel, A.G.",USO,AG,True,,,False,,,False,,,False,,,False,,,False,,,False,True,True,False
Fuhr-Betrieb G.m.b.H.,USO,GmbH,True,,,False,,,False,,,False,,,False,,,False,,,False,False,False,False
"Fulda Rubber Co. of Fulda, Germany",,,False,,,False,USC,GmbH,True,,,False,,,False,,,False,,,False,False,False,False
Fullnerwerk G.m.b.H.,USO,GmbH,True,,,False,,,False,,,False,,,False,,,False,,,False,False,False,False
"G. Hirsch & Sohn, G.m.b.H. Nuremberg, Germany",USO,GmbH,True,,,False,,,False,,,False,,,False,,,False,,,False,False,False,True
Gasbrennerfabrikation Aktiengesellschaft.,,,False,,,False,,,False,,,False,,,False,USC,AG,True,,,False,False,True,False
Gebrueder Boewen G.m.b.H.,USO,GmbH,True,,,False,,,False,,,False,,,False,,,False,,,False,False,False,False
Gebrueder Born G.m.b.H.,USO,GmbH,True,,,False,,,False,,,False,,,False,,,False,,,False,False,False,False
Gebrueder Hein G.m.b.H.,USO,GmbH,True,,,False,,,False,,,False,,,False,,,False,,,False,False,False,True
Gemeinnutsige Opel - Wohnban - G.m.b.H.,USO,GmbH,True,,,False,,,False,,,False,,,False,,,False,,,False,False,False,False
General Motors G.m.b.H.,USO,GmbH,True,,,False,,,False,,,False,,,False,,,False,USO,GmbH,True,False,False,True
Geo. Borgfeldt & Co. Aktiengesellschaft,,,False,,,False,,,False,,,False,USC,AG,True,USC,AG,True,,,False,True,True,False
German-American Tobacco Co.,,,False,,,False,USC,GmbH,True,,,False,,,False,,,False,USO,GmbH,True,False,False,True
Gesellschaft Fur Telephon-und Telegraphenbeteilungen m.b.H.,USO,GmbH,True,,,False,,,False,,,False,,,False,,,False,,,False,False,False,True
Gesellschaft fur Industriebeteiligungen m.b.H.,USO,GmbH,True,,,False,,,False,,,False,,,False,,,False,,,False,False,False,True
Gesellschaft fur markt und schgerechte Werberatung,USO,GmbH,True,,,False,,,False,,,False,,,False,,,False,,,False,False,False,False
Gesellschaft für Telephon und Telegraphenbeteiligungen G.m.b.H.,,,False,USO,GmbH,True,,,False,,,False,,,False,,,False,,,False,False,False,True
Gew. Lintorfer Erzbergwerke,USO,Others,True,,,False,,,False,,,False,,,False,,,False,,,False,False,False,False
Gew. Selbecker Bergwerks Verein,USO,Others,True,,,False,,,False,,,False,,,False,,,False,,,False,False,False,False
Gewerkschaft Alfred,USO,Others,True,,,False,,,False,,,False,,,False,,,False,,,False,False,False,False
Gewerkschaft Ave 5,USO,Others,True,,,False,,,False,,,False,,,False,,,False,,,False,False,False,False
Gewerkschaft Brigitta,USC,Others,True,,,False,,,False,,,False,,,False,,,False,,,False,False,False,False
Gewerkschaft Carlsburg III,USO,Others,True,,,False,,,False,,,False,,,False,,,False,,,False,False,False,False
Gewerkschaft Carolus Magnus,USO,Others,True,,,False,,,False,,,False,,,False,,,False,,,False,False,False,False
Gewerkschaft Diergardt-Mevissen,USO,Others,True,,,False,,,False,,,False,,,False,,,False,,,False,False,False,False
Gewerkschaft Konberg II,USO,Others,True,,,False,,,False,,,False,,,False,,,False,,,False,False,False,False
Gewerkschaft Mathias Stinnes,USO,Others,True,,,False,,,False,,,False,,,False,,,False,,,False,False,False,False
Gewerkschaft Ostfeld 1,USO,Others,True,,,False,,,False,,,False,,,False,,,False,,,False,False,False,False
Gewerkschaft Regina zu Caan,,,False,,,False,,,False,USO,GmbH,True,,,False,,,False,,,False,False,False,False
"Gillette Safety Razor Company, G.m.b.H.",USO,GmbH,True,USO,GmbH,True,,,False,,,False,,,False,,,False,USO,GmbH,True,False,False,True
"Glasfabrik, Aktiengesellschaft.",,,False,,,False,,,False,,,False,,,False,USC,AG,True,,,False,True,True,False
Glaswerke Ruhr A.G.,USO,AG,True,,,False,,,False,,,False,,,False,,,False,,,False,True,True,False
Gluckskles Import and Export Gesellschaft m.b.H.,USO,GmbH,True,,,False,,,False,,,False,,,False,,,False,,,False,False,False,False
Gluckskles Michgesellschaft m.b.H.,USO,GmbH,True,,,False,,,False,,,False,,,False,,,False,,,False,False,False,True
Godecke & Co. Chemische Fabrik A.G.,USO,AG,True,USO,AG,True,,,False,,,False,,,False,,,False,,,False,True,False,False
Godecke & Co. Chemische Fabrik und Export A.G.,USO,AG,True,,,False,,,False,,,False,,,False,,,False,,,False,True,True,False
Great American Insurance Co. - Home Insurance Co. - Hartford Fire Insurance Co.,USO,Others,True,,,False,,,False,,,False,,,False,,,False,,,False,False,False,False
Gustav Lohse AG,,,False,USO,AG,True,,,False,,,False,,,False,,,False,,,False,True,True,False
"H. & P. Sauermann, A.G.",USO,AG,True,,,False,,,False,,,False,,,False,,,False,,,False,True,True,False
"H. A. Bender Bohne, of Mannheim, Germany",,,False,,,False,USO,GmbH,True,,,False,,,False,,,False,,,False,False,False,False
H. B. Blumenthal,USO,GmbH,True,,,False,,,False,,,False,,,False,,,False,,,False,False,False,False
"H. K. Mccann Company, m.b.H.",USO,GmbH,True,,,False,,,False,,,False,,,False,,,False,,,False,False,False,True
H. W. Heidman,USO,Others,True,,,False,,,False,,,False,,,False,,,False,,,False,False,False,False
H. Westphal & Co.,USO,GmbH,True,,,False,,,False,,,False,,,False,,,False,,,False,False,False,True
"Ha-No-Mex, Handels-Akt.-Ges.",,,False,,,False,,,False,,,False,USC,AG,True,USC,AG,True,,,False,True,True,False
"Haendler & Natermann, Akt.-Ges.",,,False,,,False,,,False,,,False,USC,AG,True,USC,AG,True,,,False,True,True,False
Hamburg-Amerika Linie,,,False,USOP,AG,True,,,False,,,False,,,False,,,False,,,False,True,True,False
Hamburg-Amerikanische Mineralol-G.m.b.H.,USO,GmbH,True,USO,GmbH,True,,,False,USO,GmbH,True,,,False,,,False,,,False,False,False,True
Hamburger Hof A.G.,USO,AG,True,,,False,,,False,,,False,,,False,,,False,,,False,True,True,False
Hanseatische Grundbitz Gesellschaft m.b.H.,USO,GmbH,True,,,False,,,False,,,False,,,False,,,False,,,False,False,False,True
Harburger Bergbau G.m.b.H.,,,False,,,False,,,False,USO,GmbH,True,,,False,,,False,,,False,False,False,True
Haskins & Sells Revision-Gesellschaft m.b.H.,USO,GmbH,True,,,False,,,False,,,False,,,False,,,False,,,False,False,False,True
"Heinrich Koppers, Akt.-Ges.",,,False,,,False,,,False,,,False,USC,AG,True,,,False,,,False,True,True,False
Herz-Oelfabriken-Wittenberge-Aktiengesellschaft,,,False,,,False,,,False,,,False,USC,AG,True,USC,AG,True,,,False,True,True,False
Hirsch-Bräu Aktiengesellschaft.,,,False,,,False,,,False,,,False,,,False,USC,AG,True,,,False,True,True,False
"Hobart Maschinen Gesellschaft, m.b.H.",USO,GmbH,True,,,False,USO,GmbH,True,USO,GmbH,True,,,False,,,False,USO,GmbH,True,False,False,True
Hoffman Bugelmaschinen Gesellschaft m.b.H.,USO,GmbH,True,USO,GmbH,True,,,False,USO,GmbH,True,,,False,,,False,,,False,False,False,True
Holm & Molzen G.m.b.H.,USO,GmbH,True,,,False,,,False,,,False,,,False,,,False,,,False,False,False,True
Holophane-Gesellschaft,,,False,,,False,,,False,,,False,,,False,,,False,USOP,GmbH,True,False,False,True
Holzwarth Gasturbinen,USO,GmbH,True,,,False,,,False,,,False,,,False,,,False,,,False,False,False,True
Hoover G.m.b.H.,USO,GmbH,True,,,False,,,False,,,False,,,False,,,False,,,False,False,False,True
Hotel Atlantic A.G.,USO,AG,True,,,False,,,False,,,False,,,False,,,False,,,False,True,True,False
Houghton Deutsche Fabrik K.G.,USC,Others,True,,,False,,,False,,,False,,,False,,,False,,,False,False,False,False
Hudson Esser Motors Company M.H.,USO,GmbH,True,,,False,,,False,,,False,,,False,,,False,,,False,False,False,True
Hugo Stinnes G.m.b.H.,USO,GmbH,True,USO,GmbH,True,USO,GmbH,True,USO,GmbH,True,,,False,,,False,,,False,False,False,True
Hugo Stinnes Reederei A.G.,USO,AG,True,,,False,,,False,,,False,,,False,,,False,,,False,True,True,False
Hupp Motors,,,False,,,False,,,False,,,False,,,False,,,False,USOP,GmbH,True,False,False,True
I. G. Farbenindustrie,,,False,,,False,,,False,USC,AG,True,,,False,,,False,,,False,True,True,False
Iduna Holding Aktiengesellschatt,,,False,,,False,,,False,,,False,USO,AG,True,USO,AG,True,,,False,True,True,False
Ilseder Hütte,,,False,,,False,,,False,,,False,,,False,USOP,AG,True,,,False,True,True,False
Industrie lackwerke A.G.,USO,AG,True,,,False,,,False,,,False,,,False,,,False,,,False,True,True,False
Industrie-Export Aktiengesellschaft,USO,AG,True,,,False,,,False,,,False,,,False,,,False,,,False,True,False,False
Ingersoll-Rand,,,False,,,False,,,False,,,False,,,False,,,False,USO,GmbH,True,False,False,True
Injecta Aktiengesellschaft zur Fabrikation Chiurgischer Instruments,USO,AG,True,,,False,,,False,,,False,,,False,,,False,,,False,True,True,False
Intava Arbeitsgemeinschaft Der Deutsche-Amerikanischen Petroleum-Gesellschaft Und Der Deutschen Vacuum Oil - Aktiengesellschaft Fur Entwicklung Und Vertrieb Von Luftfahrt-Kraft- Und Schmierstoffen,USO,Others,True,,,False,,,False,,,False,,,False,,,False,,,False,False,False,False
"International Harvester Company, m.b.H.",USO,GmbH,True,USO,GmbH,True,USO,GmbH,True,USO,GmbH,True,,,False,,,False,USO,GmbH,True,False,False,True
International Mortgage & Investment Corporation,USO,Others,True,,,False,,,False,,,False,,,False,,,False,,,False,False,False,False
Internationale Pressluft und Elektricitats Gesellschaft m.b.H. (Ipeg),USO,GmbH,True,USO,GmbH,True,USO,GmbH,True,USO,GmbH,True,,,False,,,False,,,False,False,False,True
Intertype Fabrik G.m.b.H.,USO,GmbH,True,,,False,USO,GmbH,True,USO,GmbH,True,,,False,,,False,,,False,False,False,True
Intertype Setzmaschinen G.m.b.H.,USO,GmbH,True,,,False,USO,GmbH,True,USO,GmbH,True,,,False,,,False,,,False,False,False,True
Iris Type G.m.b.H.,USO,GmbH,True,USO,GmbH,True,,,False,,,False,,,False,,,False,,,False,False,False,True
Ivers & Company,USO,Others,True,,,False,,,False,,,False,,,False,,,False,,,False,False,False,False
J. E. Bernard & Co. G.m.b.H.,USO,GmbH,True,,,False,,,False,,,False,,,False,,,False,,,False,False,False,True
J. P. Bemberg A.G.,,,False,,,False,DEO,AG,True,DEO,AG,True,,,False,,,False,,,False,True,True,False
Jacob Trefz & Soehne,USO,GmbH,True,,,False,,,False,,,False,,,False,,,False,,,False,False,False,False
Jahresuhren Fabrik G.m.b.H.,USO,GmbH,True,,,False,,,False,,,False,,,False,,,False,,,False,False,False,True
Jocca Werke G.m.b.H.,USO,GmbH,True,USO,GmbH,True,,,False,,,False,,,False,,,False,,,False,False,False,True
Johann Lorenz Michel G.m.b.H.,USO,GmbH,True,,,False,,,False,,,False,,,False,,,False,,,False,False,False,False
Julius Pintsch A.-G.,,,False,USO,AG,True,USC,AG,True,USC,AG,True,,,False,,,False,,,False,True,True,False
Kaehler,USO,Others,True,,,False,,,False,,,False,,,False,,,False,,,False,False,False,False
Kaliwerke Sollstedt Gewerkschaft,,,False,USO,GmbH,True,,,False,,,False,,,False,,,False,,,False,False,False,False
Kardex Akt.-Ges. fir Büroartikel,USO,AG,True,,,False,,,False,,,False,USC,AG,True,USC,AG,True,,,False,True,True,False
Kardex System G.m.b.H.,USO,GmbH,True,,,False,,,False,,,False,,,False,,,False,,,False,False,False,True
Karl Fr. Tollner Nachrmittelfabrik G.m.b.H.,USO,GmbH,True,,,False,,,False,,,False,,,False,,,False,,,False,False,False,True
Kastor & Co. Akt.-Ges.,,,False,,,False,,,False,,,False,USC,AG,True,USC,AG,True,,,False,True,True,False
"Kayser Textile-Gesellschaft, m. b. H. in Saxony",,,False,USO,GmbH,True,USO,GmbH,True,USO,GmbH,True,,,False,,,False,,,False,False,False,True
"Kleinerts Hanseatische, Gummiwerke Gesellschaft mit beschankter Haftung",USO,GmbH,True,,,False,USO,GmbH,True,USO,GmbH,True,,,False,,,False,,,False,False,False,True
Kodak Aktiengesellschaft,USO,AG,True,USO,AG,True,USO,AG,True,USO,AG,True,USO,AG,True,,,False,,,False,True,True,False
Kodak Gesellschaft m. b. H.,,,False,,,False,,,False,USO,GmbH,True,,,False,,,False,,,False,False,False,False
Koehlmann Werke A.G.,USO,AG,True,,,False,,,False,,,False,,,False,,,False,,,False,False,False,False
Koenig Medicine Company,USOP,Others,True,,,False,,,False,,,False,,,False,,,False,,,False,False,False,False
Koenigsberger Kohlen & Koks G.m.b.H.,USO,GmbH,True,,,False,,,False,,,False,,,False,,,False,,,False,False,False,True
Kohlen Import & Poseidon A.G.,USO,AG,True,,,False,,,False,,,False,,,False,,,False,,,False,True,True,False
"Kohlenscheidungs-Gesellschaft, m.b.H.",USO,GmbH,True,,,False,USO,GmbH,True,,,False,,,False,,,False,,,False,False,False,True
Kohlenveredlung und Schwelwerke Aktiengesellschaft,,,False,,,False,,,False,,,False,USOP,AG,True,,,False,,,False,True,True,False
Kohler-Werke G.m.b.H.,USO,GmbH,True,USO,GmbH,True,,,False,,,False,,,False,,,False,,,False,False,False,False
Kohleverkauf Ludwig Jung G.m.b.H.,USO,GmbH,True,,,False,,,False,,,False,,,False,,,False,,,False,False,False,True
"Korkfabrik, Frankenthal Bender & Co., of Frankenthal, Germany",,,False,,,False,USO,GmbH,True,,,False,,,False,,,False,,,False,False,False,True
Kraft Kaese Werke G.m.b.H.,USO,GmbH,True,USO,GmbH,True,,,False,,,False,,,False,,,False,USO,GmbH,True,False,False,True
Kristall Glaswerk A.G.,USO,AG,True,,,False,,,False,,,False,,,False,,,False,,,False,True,True,False
Kuehltransit A.-G.,,,False,,,False,USC,AG,True,USC,AG,True,,,False,,,False,,,False,True,True,False
Kurt Wachtel AG,USO,AG,True,,,False,,,False,USO,AG,True,,,False,USC,AG,True,,,False,True,True,False
Königstadt-Aktiengesellschaft f. Grundstücke u. Industrie,,,False,,,False,,,False,,,False,USC,AG,True,USC,AG,True,,,False,True,True,False
L. C. Smith & Corona Schreihmaschinen G.m.b.H.,USO,GmbH,True,,,False,USO,GmbH,True,USO,GmbH,True,,,False,,,False,,,False,False,False,True
Lindor Werke G.m.b.H.,USO,GmbH,True,USO,GmbH,True,,,False,,,False,,,False,,,False,,,False,False,False,True
"Linotype, G.m.b.H.",USO,GmbH,True,,,False,,,False,,,False,,,False,,,False,,,False,False,False,True
"Lohse, Gustave A.G.",USO,AG,True,,,False,,,False,,,False,,,False,,,False,,,False,True,True,False
Lorenz Radio Vertriebe G.m.b.H.,USO,GmbH,True,USO,GmbH,True,,,False,,,False,,,False,,,False,,,False,False,False,True
"Lorenz, C. A.G.",USO,AG,True,,,False,,,False,,,False,,,False,,,False,,,False,True,True,False
Ludwig Sudicates G.m.b.H.,USO,GmbH,True,USO,GmbH,True,,,False,,,False,,,False,,,False,,,False,False,False,True
M. Rast & Sohn G.m.b.H.,USO,GmbH,True,,,False,,,False,,,False,,,False,,,False,,,False,False,False,True
"M. Wulfsohn & Co., Aktiengesellschaft in Liqu.",,,False,,,False,,,False,,,False,USC,AG,True,,,False,,,False,True,False,False
Magnesium Development Co.,,,False,,,False,,,False,USC,Others,True,,,False,,,False,,,False,False,False,False
Maizenhaus Gesellschaft m.b.H.,USO,GmbH,True,,,False,,,False,,,False,,,False,,,False,,,False,False,False,False
Markt & Co.,USO,Others,True,,,False,,,False,,,False,,,False,,,False,,,False,False,False,False
Maschinen-Export G.m.b.H.,USO,GmbH,True,,,False,,,False,,,False,,,False,,,False,,,False,False,False,True
Maschinenfabrik Augsburg Nurnberg A. G. of Germany,,,False,,,False,,,False,USC,AG,True,,,False,,,False,,,False,True,True,False
Maschinenfabrik Banning & Seybold A.G.,USO,AG,True,,,False,,,False,,,False,,,False,,,False,,,False,True,False,False
Maschinenfabrik Turner AG,USO,AG,True,,,False,,,False,,,False,USC,AG,True,,,False,,,False,True,True,False
Maschinenfabriken Wagner-Doerries Aktiengesellschaft (formerly: Maschinenfabrik Aktiengesellschaft vorm. Wagner & Co. ),USO,AG,True,,,False,,,False,,,False,,,False,,,False,,,False,True,True,False
Maschinenfabril EINSIEDEL G.m.b.H.,USO,GmbH,True,,,False,,,False,,,False,,,False,,,False,,,False,False,False,True
Maschinenoel Import Gesellschaft m.b.H.,USO,GmbH,True,,,False,,,False,,,False,,,False,,,False,,,False,False,False,True
Mathias Stinnes G.m.b.H.,USO,GmbH,True,USO,GmbH,True,,,False,USO,GmbH,True,,,False,,,False,,,False,False,False,True
Mecklenburgische Erdol G.m.b.H.,USO,GmbH,True,,,False,,,False,,,False,,,False,,,False,,,False,False,False,True
Mercedes Buromaschinen Werke AG,USO,AG,True,USO,AG,True,USOP,AG,True,USOP,AG,True,USOP,AG,True,USO,AG,True,,,False,True,True,False
"Mergenthaler Setzmaschinen-Fabrik, G.m.b.H.",USO,GmbH,True,USO,GmbH,True,USO,GmbH,True,USO,GmbH,True,,,False,,,False,,,False,False,False,True
Metal & Thermit Corporation,,,False,,,False,,,False,USC,Others,True,,,False,,,False,,,False,False,False,False
Metallgesellschaft A.G.,,,False,DEO,AG,True,,,False,,,False,,,False,,,False,,,False,False,True,False
Metallisator Akt.-Ges.,,,False,,,False,,,False,,,False,USO,AG,True,USC,AG,True,,,False,True,True,False
Metallisator Berlin Akt.-Ges.,,,False,,,False,,,False,,,False,USO,AG,True,USO,AG,True,,,False,True,True,False
"Metallkentor, G.m.b.H.",USO,GmbH,True,,,False,,,False,,,False,,,False,,,False,,,False,False,False,True
Metallpulver G.m.b.H.,USO,GmbH,True,,,False,,,False,,,False,,,False,,,False,,,False,False,False,False
"Metallwaaren Gesellschaft m. b. H., of Aachen",,,False,USO,GmbH,True,USO,GmbH,True,USO,GmbH,True,,,False,,,False,,,False,False,False,False
Metallwarenvertrieb G.m.b.H.,USO,GmbH,True,,,False,,,False,,,False,,,False,,,False,,,False,False,False,True
Metro-Goldwyn-Mayer Film AG,USO,AG,True,USO,AG,True,,,False,,,False,USOP,AG,True,,,False,,,False,True,True,False
Midgard Deutsche Seeverkehrs A.G.,USO,AG,True,,,False,,,False,,,False,,,False,,,False,,,False,True,True,False
Mineraloel-Raffinerie vorm. August Korff,USO,AG,True,USO,AG,True,,,False,,,False,USO,AG,True,USO,AG,True,,,False,True,True,False
Minimax A. G.,,,False,DEO,AG,True,,,False,,,False,,,False,,,False,,,False,True,True,False
Mix & Genest AG,USO,AG,True,USO,AG,True,,,False,,,False,USO,AG,True,USO,AG,True,,,False,True,True,False
"Mix & Genest Hansawerke , G.m.b.H.",USO,GmbH,True,USO,GmbH,True,,,False,,,False,,,False,,,False,,,False,False,False,True
Mondamin Gesellschaft,USO,GmbH,True,,,False,,,False,,,False,,,False,,,False,,,False,False,False,True
Morris & Co. G.m.b.H.,USO,GmbH,True,,,False,,,False,,,False,,,False,,,False,,,False,False,False,False
"Moto Meter Gesellschaft, m. b. H.",,,False,,,False,USO,GmbH,True,USO,GmbH,True,,,False,,,False,,,False,False,False,True
Muelberger & Co. G.m.b.H.,USO,GmbH,True,,,False,,,False,,,False,,,False,,,False,,,False,False,False,True
Muelheimer Bergwerks Verein A.G.,USO,AG,True,,,False,,,False,,,False,,,False,,,False,,,False,True,True,False
"Mundlos Akteingesellschaft, Magdeburg",USO,AG,True,,,False,,,False,,,False,,,False,,,False,,,False,True,True,False
Mülheimer Bergwerke Verein AG,,,False,USO,AG,True,,,False,,,False,USC,AG,True,USC,AG,True,,,False,True,True,False
Münchener Rückversicherungs-Gesellschaft,,,False,,,False,,,False,,,False,USC,AG,True,USC,AG,True,,,False,True,True,False
Nassauer Hof A.G. (Hotel Nassau),USO,AG,True,,,False,,,False,,,False,,,False,,,False,,,False,True,True,False
National-Film Verleih- u. Vertriebs-Aktiengeseilschaft,,,False,,,False,,,False,,,False,USOP,AG,True,USOP,AG,True,,,False,True,True,False
National-Krupp Registrier-Kassen G.m.b.H.,USO,GmbH,True,USO,GmbH,True,,,False,USO,GmbH,True,,,False,,,False,,,False,False,False,True
Nationale Radiator Gesellschaft m.b.H.,USO,GmbH,True,USO,GmbH,True,USO,GmbH,True,USO,GmbH,True,,,False,,,False,,,False,False,False,True
Neue Gross-Berliner Haus-Aktiengesellschaft,,,False,,,False,,,False,,,False,USC,AG,True,,,False,,,False,True,False,False
Nica Nickelindustrie A.G.,USO,AG,True,,,False,,,False,,,False,,,False,,,False,,,False,True,True,False
"Nickel Informationburo, G.m.b.H.",USO,GmbH,True,,,False,,,False,,,False,,,False,,,False,,,False,False,False,True
Niederrheinische Papier- u. Pappenfabrik Aktiengesellschaft.,,,False,,,False,,,False,,,False,,,False,USOP,AG,True,,,False,True,True,False
Nobel-Good-Group,,,False,,,False,USO,GmbH,True,,,False,,,False,,,False,,,False,False,False,False
Nord-Europaeische Oel,USOP,GmbH,True,,,False,,,False,,,False,,,False,,,False,,,False,False,False,True
Norddeustche Eiswerke A.G.,USO,AG,True,,,False,,,False,,,False,,,False,,,False,,,False,True,True,False
Norddeustche Mineraloelwerke Stettin G.m.b.H.,USO,GmbH,True,,,False,,,False,,,False,,,False,,,False,,,False,False,False,False
Norddeutsche Mineralöl-Aktiengesellschaft,,,False,,,False,USO,AG,True,,,False,USO,AG,True,,,False,,,False,True,True,False
Norddeutsche Oelmuehlenwerke A.G.,USO,AG,True,,,False,,,False,,,False,,,False,,,False,,,False,True,True,False
Norddeutsche Portland Cementfabrik Misburg,USOP,AG,True,,,False,,,False,,,False,,,False,,,False,,,False,True,True,False
Nordeuropaeische Oelgesellschaft m.b.H.,,,False,,,False,,,False,USO,GmbH,True,,,False,,,False,,,False,False,False,False
Northeastern Insurance Co. of Hartford,USO,Others,True,,,False,,,False,,,False,,,False,,,False,,,False,False,False,False
Nuernberger Kohlenhandles G.m.b.H.,USO,GmbH,True,,,False,,,False,,,False,,,False,,,False,,,False,False,False,True
O-Cedar,,,False,,,False,,,False,,,False,,,False,,,False,USC,GmbH,True,False,False,True
Oberrheinische Kohlenvertretung,USO,Others,True,,,False,,,False,,,False,,,False,,,False,,,False,False,False,False
Oelwerke Julius Schindler G.m.b.H.,USO,GmbH,True,USO,GmbH,True,,,False,,,False,,,False,,,False,,,False,False,False,True
Oelwerke Julius Schindler G.m.b.H.,USO,GmbH,True,USO,GmbH,True,,,False,,,False,,,False,,,False,,,False,False,False,True
Oesterreische Magnesit A. G.,,,False,USO,AG,True,,,False,,,False,,,False,,,False,,,False,False,False,False
Oldenburgische Erdol Gesellschaft m.b.H.,USO,GmbH,True,,,False,USO,GmbH,True,,,False,,,False,,,False,,,False,False,False,True
Oldenburgische Oelausbeutungesellschaft m.b.H.,,,False,,,False,,,False,USO,GmbH,True,,,False,,,False,,,False,False,False,True
Opel Automobil Versicherungs AG,USO,AG,True,USO,AG,True,,,False,,,False,,,False,USOP,AG,True,,,False,False,True,False
Oppelener Lagerhaus Gesellschaft,USO,GmbH,True,,,False,,,False,,,False,,,False,,,False,,,False,False,False,True
Oppenheimer Casing Co. m.b.H. Hamburg,USO,GmbH,True,,,False,,,False,,,False,,,False,,,False,,,False,False,False,True
Optima-Maschinenfabrik A.-G.,,,False,,,False,USO,AG,True,,,False,USC,AG,True,USC,AG,True,,,False,True,True,False
Orga Akt. Ges.,USO,AG,True,,,False,,,False,,,False,,,False,,,False,,,False,True,True,False
Osram G.m.b.H. Kommanditgesellschaft,USC,GmbH,True,USOP,GmbH,True,USOP,GmbH,True,USC,Others,True,,,False,,,False,,,False,False,False,True
Ost-Oel G.m.b.H.,,,False,,,False,USO,GmbH,True,,,False,,,False,,,False,,,False,False,False,True
Ostrhederei,USO,GmbH,True,,,False,,,False,,,False,,,False,,,False,,,False,False,False,True
Ota Schlesische Schurwerke Ottmuth A.G.,USO,AG,True,,,False,,,False,,,False,,,False,,,False,,,False,False,False,False
Otis Aufzugswerke G.m.b.H.,USO,GmbH,True,USO,GmbH,True,,,False,USO,GmbH,True,,,False,,,False,,,False,False,False,True
Ottensenser Eisenwerke AG,USO,AG,True,,,False,,,False,,,False,,,False,,,False,,,False,True,True,False
"P. Wohl, Akt.-Ges.",,,False,,,False,,,False,,,False,,,False,USC,AG,True,,,False,True,True,False
Palmolive-Binder & Ketals G.m.b.H.,USO,GmbH,True,USO,GmbH,True,,,False,USO,GmbH,True,,,False,,,False,,,False,False,False,True
Paramount Film AG,USO,AG,True,,,False,,,False,,,False,USOP,AG,True,USOP,AG,True,,,False,True,True,False
"Paramount Film Vertreib G. m. b. H., Berlin, Germany",,,False,,,False,USO,GmbH,True,USO,GmbH,True,,,False,,,False,,,False,False,False,True
"Parfume Lentheric, G.m.b.H.",USO,GmbH,True,,,False,,,False,,,False,,,False,,,False,,,False,False,False,True
Parker A. G.,,,False,,,False,,,False,Others,AG,True,,,False,,,False,,,False,False,False,False
"Parker Pen Co., G.m.b.H., Berlin, Germany",,,False,,,False,USO,GmbH,True,,,False,,,False,,,False,USO,GmbH,True,False,False,True
Paul Dorff A.G.,USO,AG,True,,,False,,,False,,,False,,,False,,,False,,,False,False,False,False
"Peat, Marwick, Mitchell & Co. (Berlin Partnership)",USC,Others,True,,,False,,,False,,,False,,,False,,,False,,,False,False,False,False
Permutit Filter Co. G.m.b.H.,USO,GmbH,True,,,False,,,False,,,False,,,False,,,False,,,False,False,False,True
Petrolifer Rohoelcompagnie A.G.,USO,AG,True,,,False,,,False,,,False,,,False,,,False,,,False,False,False,False
Pfaudler-Werke AG,USO,AG,True,,,False,USO,AG,True,USO,AG,True,USO,AG,True,USC,AG,True,,,False,True,True,False
Philip Morris & Co. Limited G.m.b.H.,USO,GmbH,True,,,False,,,False,,,False,,,False,,,False,USO,GmbH,True,False,False,True
Photochemie Kommandit Gesellschaft,USO,Others,True,,,False,,,False,,,False,,,False,,,False,,,False,False,False,False
Piehl & Fehling,USO,Others,True,,,False,,,False,,,False,,,False,,,False,,,False,False,False,False
Pittler Werkzeugmaschinenfabrik Aktiengesellschaft,,,False,,,False,,,False,,,False,USOP,AG,True,USOP,AG,True,,,False,True,True,False
Porzellanfabriken Paul Rauschert Aktiengesellschaft,,,False,,,False,,,False,,,False,USC,AG,True,USC,AG,True,,,False,True,True,False
Powers G.m.b.H.,USO,GmbH,True,,,False,,,False,,,False,,,False,,,False,,,False,False,False,True
Pressluftwerkzeug und Maschinenbau AG (Premag),USO,AG,True,USO,AG,True,USO,AG,True,USO,AG,True,,,False,,,False,,,False,True,True,False
Preussische Bergwerks- und Hutten Gesellschaft,,,False,DEO,AG,True,,,False,,,False,,,False,,,False,,,False,True,True,False
"Price, Waterhouse & Co.",USC,Others,True,,,False,,,False,,,False,,,False,,,False,,,False,False,False,False
Privatanschlussbahn Borgsdorf-Birkenwerder G.m.b.H.,USO,GmbH,True,,,False,,,False,,,False,,,False,,,False,,,False,False,False,True
"Quaker Nahrmittel, G.m.b.H.",USO,GmbH,True,,,False,,,False,,,False,,,False,,,False,,,False,False,False,True
Quaker Oats Co. G.m.b.H.,USO,GmbH,True,,,False,,,False,,,False,,,False,,,False,USO,GmbH,True,False,False,True
R. Schiffman & Co. G.m.b.H.,USO,GmbH,True,,,False,,,False,,,False,,,False,,,False,,,False,False,False,True
Rastatter Eisenhandel G.m.b.H.,USO,GmbH,True,,,False,,,False,,,False,,,False,,,False,,,False,False,False,False
Reece Machinery Company,USO,GmbH,True,,,False,USC,GmbH,True,USC,GmbH,True,,,False,,,False,USO,GmbH,True,False,False,True
Remington Buromaschinen G.m.b.H.,USO,GmbH,True,USO,GmbH,True,,,False,,,False,,,False,,,False,,,False,False,False,True
"Rheinische Schellackbleiche Ernst Kalkhof, Akt.-Ges.",,,False,,,False,,,False,,,False,USC,AG,True,USC,AG,True,,,False,True,True,False
Rheinische-Westfaelische Bergwerks Gesellschaft,,,False,USO,GmbH,True,USO,GmbH,True,,,False,,,False,,,False,,,False,False,False,True
Richard Hudnut Aktiengesellschaft,,,False,,,False,,,False,,,False,USC,AG,True,USC,AG,True,,,False,True,True,False
Richard Hudnut G.m.b.H.,USO,GmbH,True,USO,GmbH,True,,,False,,,False,,,False,,,False,,,False,False,False,False
Richard Hudnut G.m.b.H.,USO,GmbH,True,USO,GmbH,True,,,False,,,False,,,False,,,False,,,False,False,False,False
Ritter AG,USO,AG,True,USO,AG,True,USO,AG,True,USO,AG,True,USO,AG,True,USO,AG,True,,,False,True,True,False
Robert Bosch A.G.,,,False,,,False,DEO,AG,True,USC,AG,True,,,False,,,False,,,False,True,True,False
Robert W. Hunt Company,USO,Others,True,,,False,,,False,,,False,,,False,,,False,,,False,False,False,False
"Rohr & Seilpost Anlagen, G.m.b.H.",USO,GmbH,True,USO,GmbH,True,,,False,,,False,,,False,,,False,,,False,False,False,True
"Rosskai, G.m.b.H.",USO,GmbH,True,,,False,,,False,,,False,,,False,,,False,,,False,False,False,False
"Roth-Buchner, G.m.b.H.",USO,GmbH,True,USO,GmbH,True,,,False,,,False,,,False,,,False,,,False,False,False,False
"Royal Schreihmaschinen, G.m.b.H.",USO,GmbH,True,USO,GmbH,True,USC,GmbH,True,USC,GmbH,True,,,False,,,False,,,False,False,False,True
Rudolf Arndt Dextrinfabrik G.m.b.H.,USO,GmbH,True,,,False,,,False,,,False,,,False,,,False,,,False,False,False,True
Rudolf Mueller & Soehne G.m.b.H.,USO,GmbH,True,,,False,,,False,,,False,,,False,,,False,,,False,False,False,True
Ruhrgebiet-Gasbrennerwerk Akt.-Ges. zu Langendreer,,,False,,,False,,,False,,,False,USC,AG,True,,,False,,,False,True,True,False
Rödingshof Grundstücks-Akt.-Ges.,,,False,,,False,,,False,,,False,USC,AG,True,USC,AG,True,,,False,True,True,False
S. Oppenheimer & Co.,,,False,,,False,,,False,,,False,,,False,,,False,USO,GmbH,True,False,False,True
Saatsuchwirtschaft C. Braune G.m.b.H.,USO,GmbH,True,,,False,,,False,,,False,,,False,,,False,,,False,False,False,True
"Schlafhorst Chemische Werke, G.m.b.H.",USO,GmbH,True,,,False,,,False,,,False,,,False,,,False,,,False,False,False,False
Schriftgiesserei und Messinglinienfabrik D. Stempel Akt.,USO,AG,True,,,False,,,False,,,False,,,False,,,False,,,False,True,True,False
Schulke & Mayr A.G.,USO,AG,True,,,False,,,False,USO,AG,True,,,False,,,False,,,False,True,True,False
Sela Automatic Camera,USOP,Others,True,,,False,,,False,,,False,,,False,,,False,,,False,False,False,False
"Siegfried-Caragen Gesellschaft fuer Kraftfahrzeuge, m.b.H.",USO,GmbH,True,,,False,,,False,,,False,,,False,,,False,,,False,False,False,True
Siemens & Halske,,,False,USOP,Others,True,,,False,,,False,,,False,,,False,,,False,False,False,False
"Siemens & Halske, A.G.",,,False,,,False,,,False,USOP,AG,True,,,False,,,False,,,False,True,True,False
Siemens -Schuckertwerke A. G.,,,False,USC,AG,True,,,False,,,False,,,False,,,False,,,False,True,True,False
Signal Gesellschaft m.b.H.,USO,GmbH,True,,,False,,,False,,,False,,,False,,,False,,,False,False,False,True
Signode System G.m.b.H.,USO,GmbH,True,,,False,,,False,,,False,,,False,,,False,,,False,False,False,True
Signode System G.m.b.H.,USO,GmbH,True,,,False,,,False,,,False,,,False,,,False,,,False,False,False,True
Silesian American Corporation,,,False,USO,Others,True,,,False,,,False,,,False,,,False,,,False,False,False,False
Silesian Holding Co.,,,False,USO,Others,True,,,False,,,False,,,False,,,False,,,False,False,False,False
Singer Nahmaschinen AG,USO,AG,True,USO,AG,True,,,False,,,False,USC,AG,True,USC,AG,True,,,False,True,True,False
Singer Nahmaschinen Aktiengesellschaft,USO,AG,True,,,False,,,False,,,False,,,False,,,False,,,False,True,True,False
"Sparo Aktiengesellschaft, Altona-Bahrenfeld. (In Konkurs.)",,,False,,,False,,,False,,,False,USC,AG,True,,,False,,,False,True,False,False
Spirella Gesellschaft m.b.H.,USO,GmbH,True,,,False,,,False,,,False,,,False,,,False,,,False,False,False,True
Standard Elektrizitats Ges. AG,USO,AG,True,USOP,AG,True,,,False,,,False,USOP,AG,True,USC,AG,True,,,False,True,True,False
Standard Telephon & Radio A.G.,,,False,USO,AG,True,,,False,,,False,,,False,,,False,,,False,False,False,False
Standard Zahnfabrik A.G.,USO,AG,True,,,False,,,False,,,False,,,False,,,False,,,False,True,True,False
Stanley Works,USO,GmbH,True,,,False,,,False,,,False,,,False,,,False,,,False,False,False,True
Steinberger Bros.,USOP,GmbH,True,,,False,,,False,,,False,,,False,,,False,,,False,False,False,True
Steinberger Bros. Clove Corp. G.m.b.H.,USO,GmbH,True,,,False,,,False,,,False,,,False,,,False,,,False,False,False,True
Steinway & Sons,USO,Others,True,,,False,,,False,,,False,,,False,,,False,,,False,False,False,False
Suddeutsche Apparatefabrik Gesellschaft m.b.H.,USO,GmbH,True,USO,GmbH,True,,,False,,,False,,,False,,,False,,,False,False,False,True
Suddeutsche Chemische Werke,USO,GmbH,True,,,False,,,False,,,False,,,False,,,False,,,False,False,False,True
Suedwest A.G.,USO,AG,True,,,False,,,False,,,False,,,False,,,False,,,False,False,False,False
"Swift & Company, G.m.b.H.",USO,GmbH,True,,,False,,,False,,,False,,,False,,,False,,,False,False,False,True
Teerbaustoff Gesellschaft m.b.H.,,,False,,,False,,,False,USO,GmbH,True,,,False,,,False,,,False,False,False,False
Tefag Radio Vertriebs G.m.b.H.,USO,GmbH,True,USO,GmbH,True,,,False,,,False,,,False,,,False,,,False,False,False,True
Telephonfabrik Berliner AG,USO,AG,True,USO,AG,True,,,False,,,False,,,False,USOP,AG,True,,,False,True,True,False
Telmo Telephon und Telegraphen Gesellschaft m.b.H.,USO,GmbH,True,USO,GmbH,True,,,False,,,False,,,False,,,False,,,False,False,False,True
"Th. Goldschmidt of Essen, Germany",,,False,DEO,AG,True,,,False,USC,Others,True,,,False,,,False,,,False,True,True,False
The Atlantic Refining Company Germany GmbH,USO,GmbH,True,USO,GmbH,True,,,False,USO,GmbH,True,,,False,,,False,,,False,False,False,True
The Brecht Corporation G.m.b.H.,USO,GmbH,True,,,False,,,False,,,False,,,False,,,False,,,False,False,False,True
The Fairbanks G.m.b.H. Company,USO,GmbH,True,,,False,,,False,,,False,,,False,,,False,USO,GmbH,True,False,False,True
The Goodyear Tire & Rubber Co. Aktiengesellschaft,,,False,USO,AG,True,,,False,USO,AG,True,USOP,AG,True,USOP,AG,True,,,False,True,True,False
"The Guardian Life Insurance Company of America, European Branch, German Business",USO,Others,True,,,False,,,False,,,False,,,False,,,False,,,False,False,False,False
The Overseas Casing Co. m.b.H.,USO,GmbH,True,,,False,,,False,,,False,,,False,,,False,,,False,False,False,False
The Stanley Works G.m.b.H.,USO,GmbH,True,,,False,USO,GmbH,True,,,False,,,False,,,False,,,False,False,False,True
"The Yale & Towne Manufacturing Company, Velbert Division",USO,Others,True,,,False,,,False,,,False,,,False,,,False,,,False,False,False,False
Tietgens & Robertson (G.m.b.H.),USO,GmbH,True,,,False,,,False,,,False,,,False,,,False,,,False,False,False,True
Titan-Oel-Gesellschaft m.b.H.,USO,GmbH,True,,,False,,,False,,,False,,,False,,,False,,,False,False,False,True
Titangesellschaft m.b.H.,USO,GmbH,True,USO,GmbH,True,USO,GmbH,True,USO,GmbH,True,,,False,,,False,,,False,False,False,True
Tobis Klangfilm Co.,,,False,,,False,,,False,USC,Others,True,,,False,,,False,,,False,False,False,False
Tobis Tonbild-Syndikat Aktiengesellschaft,,,False,,,False,,,False,,,False,USO,AG,True,,,False,,,False,True,True,False
Torpedo-Werke A.G.,USO,AG,True,,,False,USO,AG,True,,,False,USO,AG,True,,,False,,,False,True,True,False
"Transport und Lagerhaus Gesellschaft, m.b.H.",USO,GmbH,True,,,False,,,False,,,False,,,False,,,False,,,False,False,False,True
"Trubenis Lisensverwertungs, G.m.b.H.",USO,GmbH,True,,,False,,,False,,,False,,,False,,,False,,,False,False,False,False
"Unida Schiffstreuhand, G.m.b.H.",USO,GmbH,True,,,False,,,False,,,False,,,False,,,False,,,False,False,False,False
Union Special Maschinenfabrik G.m.b.H.,USO,GmbH,True,,,False,,,False,,,False,,,False,,,False,,,False,False,False,False
United Press (Deutschland) G.m.b.H.,USO,GmbH,True,,,False,,,False,,,False,,,False,,,False,,,False,False,False,False
United Press Associations,USO,Others,True,,,False,,,False,,,False,,,False,,,False,,,False,False,False,False
"United States Lines Operations, Inc.",USO,Others,True,,,False,,,False,,,False,,,False,,,False,,,False,False,False,False
Vaterland Oel Aktiengesellschaft,,,False,,,False,,,False,,,False,USC,AG,True,,,False,,,False,True,False,False
Vereinigte Aluminiumwerke A. G.,,,False,DEO,AG,True,,,False,,,False,,,False,,,False,,,False,True,True,False
Vereinigte Asphalt und Teerproducktenfabriken Gesellschaft mit Beschrankter Haftung,USO,GmbH,True,,,False,,,False,,,False,,,False,,,False,,,False,False,False,False
Vereinigte Bayerische Telephonwerke AG,USO,AG,True,USOP,AG,True,,,False,,,False,,,False,,,False,,,False,True,True,False
Vereinigte Berliner Kohlenhandel A.G.,USO,AG,True,,,False,,,False,,,False,,,False,,,False,,,False,True,True,False
Vereinigte Elektrizitätswerke Westfalen Aktiengesellschaft.,,,False,,,False,,,False,,,False,,,False,USOP,AG,True,,,False,True,True,False
Vereinigte Glanzstoff A.G.,,,False,USO,AG,True,DEO,AG,True,,,False,,,False,,,False,,,False,True,True,False
Vereinigte Königs- und Laurahütte,,,False,,,False,,,False,,,False,USO,AG,True,USOP,AG,True,,,False,True,True,False
Vereinigte Riegel- und Schlossfabriken Act.-Ges.,,,False,,,False,USO,AG,True,USO,AG,True,USOP,AG,True,USC,AG,True,,,False,True,True,False
Vereinigte Stahlwerke,,,False,USO,GmbH,True,,,False,,,False,,,False,,,False,,,False,False,False,False
Verkehrs & Handels Aktiengesellschaft,USO,AG,True,,,False,,,False,,,False,,,False,,,False,,,False,True,True,False
W. A. Schölten Stärke- und Syrup-Fabriken Aktiengesellschaft.,USO,AG,True,,,False,,,False,,,False,,,False,USO,AG,True,,,False,True,True,False
W. R. Warner & Co. G.m.b.H.,USO,GmbH,True,,,False,,,False,,,False,,,False,,,False,,,False,False,False,True
W. T. Grant Company,,,False,,,False,,,False,,,False,,,False,,,False,USOP,GmbH,True,False,False,True
Walsheim Brauerei Aktien-Gesellschaft vorm. Schmidt & Guttenberger.,,,False,,,False,,,False,,,False,,,False,USC,AG,True,,,False,True,True,False
Walter Kidde G.m.b.H.,USO,GmbH,True,,,False,,,False,,,False,,,False,,,False,,,False,False,False,True
Waried Tankschiff Rhederei G.m.b.H.,USO,GmbH,True,,,False,,,False,,,False,,,False,,,False,,,False,False,False,True
"Warner, W.R. and Co. G.m.b.H.",USO,GmbH,True,,,False,,,False,,,False,,,False,,,False,,,False,False,False,True
Warsteiner und Herzoglich Schleswig-Holsteinische Eisenwerke Aktiengesellschaft,,,False,,,False,,,False,,,False,USC,AG,True,,,False,,,False,True,True,False
Watch Tower Bible & Tract Society (Wachtturn Bibel- und Traktat-Gesellschaft),USO,Others,True,,,False,,,False,,,False,,,False,,,False,,,False,False,False,False
Waterman Linien (Vertretung Bremen) G.m.b.H.,USO,GmbH,True,,,False,,,False,,,False,,,False,,,False,,,False,False,False,False
Welheim Kohlenhandel G.m.b.H.,USO,GmbH,True,,,False,,,False,,,False,,,False,,,False,,,False,False,False,True
Werkhof G.m.b.H.,USO,GmbH,True,,,False,,,False,,,False,,,False,,,False,,,False,False,False,True
Werola Krepp & Buntpapierfabrik G.m.b.H.,USO,GmbH,True,,,False,,,False,,,False,,,False,,,False,,,False,False,False,True
Werschen-Weißenfelser Braunkohlen-Aktien-Gesellschaft.,,,False,,,False,,,False,,,False,,,False,USC,AG,True,,,False,True,True,False
West-Oel Gesellschaft m.b.H.,USO,GmbH,True,,,False,USO,GmbH,True,USO,GmbH,True,,,False,,,False,,,False,False,False,True
Western Electric G.m.b.H.,USO,GmbH,True,,,False,,,False,,,False,,,False,,,False,,,False,False,False,True
Westinghouse Bremsen Gesellschaft m.b.H.,USO,GmbH,True,,,False,,,False,,,False,,,False,,,False,,,False,False,False,True
Wilheim Stern & Co. G.m.b.H.,USO,GmbH,True,,,False,,,False,,,False,,,False,,,False,,,False,False,False,True
Wrigley Aktiengesellschaft,,,False,USO,AG,True,,,False,USO,AG,True,USOP,AG,True,USC,AG,True,,,False,True,True,False
Zahnfabrik Wienand Soehne & Co.,USO,GmbH,True,,,False,,,False,,,False,,,False,,,False,,,False,False,False,True
Zinnwerke Wilheimsburg G.m.b.H.,USO,GmbH,True,,,False,,,False,,,False,,,False,,,False,,,False,False,False,True
Zoellner Werke G.m.b.H.,USO,GmbH,True,,,False,,,False,,,False,,,False,,,False,,,False,False,False,False
Zuckerrubensaftfabrik,USO,GmbH,True,,,False,,,False,,,False,,,False,,,False,,,False,False,False,True
Zukunft Lebensversicherungsbank Aktiengesellschaft.,,,False,,,False,,,False,,,False,,,False,USOP,AG,True,,,False,True,True,False
missing,USO,Others,True,,,False,,,False,,,False,,,False,,,False,,,False,False,False,False
„Miag“ Mühlenbau u. Industrie Aktiengesellschaft,,,False,DEO,AG,True,,,False,,,False,USC,AG,True,USC,AG,True,,,False,True,True,False
