German subsidiary,TFR-500_link_type,TFR-500_org_type,TFR-500,Tenenbaum_link_type,Tenenbaum_org_type,Tenenbaum,Moodys 32_link_type,Moodys 32_org_type,Moodys 32,Moodys 34_link_type,Moodys 34_org_type,Moodys 34,IDed in HB 32_link_type,IDed in HB 32_org_type,IDed in HB 32,IDed in HB 34_link_type,IDed in HB 34_org_type,IDed in HB 34,IDed in HB GmbH_link_type,IDed in HB GmbH_org_type,IDed in HB GmbH
"""Borvisk"" Kunstseiden A. G.",USO,AG,True,,,False,,,False,,,False,,,False,,,False,,,False
"""Borvisk"" Kunstseiden-Vertriebsgesellschaft, m.b.H.",USO,GmbH,True,,,False,,,False,,,False,,,False,,,False,,,False
"""Debag"" Betriebstoff A.G.",,,False,USO,AG,True,,,False,,,False,,,False,,,False,,,False
"""Dom"" Finanz A. G. für chemische Unternehmenungen",,,False,USO,AG,True,,,False,,,False,,,False,,,False,,,False
"""Gluckauf"" Deutsche Oel Gesellschaft Hersfeld & Co., G.m.b.H.",USO,GmbH,True,,,False,,,False,,,False,,,False,,,False,,,False
"""Rustica"" A.G. fuer Grunderwerb",USO,AG,True,,,False,,,False,,,False,,,False,,,False,,,False
"""Volta"" Telephon & Signalbau G.m.b.H.",USO,GmbH,True,USO,GmbH,True,,,False,,,False,,,False,,,False,,,False
"A. B. P. Gefolgschoftsheime, G.m.b.H.",USO,GmbH,True,,,False,,,False,,,False,,,False,,,False,,,False
A. S. Hinds AG,USO,AG,True,,,False,,,False,,,False,,,False,,,False,,,False
A.G. vormals Seidel and Neumann,USO,AG,True,,,False,,,False,,,False,,,False,,,False,,,False
ARMCO Eisen G.m.b.H.,USO,GmbH,True,USO,GmbH,True,,,False,,,False,,,False,,,False,,,False
Actien-Bierbrauerei,,,False,,,False,,,False,,,False,USC,AG,True,USC,AG,True,,,False
Adam Opel Aktiengesellschaft,USO,AG,True,USO,AG,True,USO,AG,True,USO,AG,True,USO,AG,True,USO,AG,True,,,False
Addressograph-Multigraph G.m.b.H.,USO,GmbH,True,USO,GmbH,True,,,False,USO,GmbH,True,,,False,,,False,USO,GmbH,True
Adrema Maschinenebau G.m.b.H.,USO,GmbH,True,USO,GmbH,True,,,False,,,False,,,False,,,False,,,False
Aeolian Company,,,False,,,False,,,False,,,False,,,False,,,False,USO,GmbH,True
Agfa Photo Gesellschaft,,,False,,,False,,,False,,,False,,,False,,,False,DEO,GmbH,True
"Ahr, Krath and Co.",USC,Others,True,,,False,,,False,,,False,,,False,,,False,,,False
Akt.-Ges. für Erwerb und Verwaltung von Grundbesitz,,,False,,,False,,,False,,,False,USC,AG,True,USC,AG,True,,,False
"Aktien-Malsfabrik Landsburg, A. G.",USO,AG,True,,,False,,,False,,,False,,,False,,,False,,,False
Aktiengesellschaft fuer Anlagewerte,USO,AG,True,,,False,,,False,,,False,,,False,,,False,,,False
"Aktiengesellschaft fuer Geschaeftshausbau (Leipzig, Germany)",,,False,,,False,USO,AG,True,,,False,,,False,,,False,,,False
Aktiengesellsehaft für Konzessionsunternehmen,,,False,,,False,,,False,,,False,USC,AG,True,USC,AG,True,,,False
"Alex. Zink, Filzfabrik, Akt.-Ges.",,,False,,,False,,,False,,,False,USC,AG,True,USC,AG,True,,,False
Allgemeine Automobil-Versicherungs-Aktiengesellschaft,,,False,,,False,,,False,,,False,USOP,AG,True,,,False,,,False
Allgemeine Elektricitäts-Gesellschaft,,,False,USO,AG,True,USOP,AG,True,USO,AG,True,USOP,AG,True,USO,AG,True,,,False
"Allgemeine Erdol Gesellschaft, m.b.H.",USO,GmbH,True,,,False,,,False,,,False,,,False,,,False,,,False
Allgemeine Finanzierungs Gesellschaft m.b.H.,USO,GmbH,True,,,False,USO,GmbH,True,USO,GmbH,True,,,False,,,False,,,False
"Allgemeine Oel-Handels, GmbH. (Oelhag)",USO,GmbH,True,USO,GmbH,True,,,False,USO,GmbH,True,,,False,,,False,,,False
Allgemeine Transportmittel Aktiengesellschaft,,,False,USO,AG,True,,,False,USO,AG,True,USOP,AG,True,USOP,AG,True,,,False
"Almco Waschereimaschinen, GmbH",USO,GmbH,True,,,False,,,False,,,False,,,False,,,False,,,False
Alpenminen A. G.,USO,AG,True,,,False,,,False,,,False,,,False,,,False,,,False
"Ambi-Budd Presswerk, G.m.b.H.",USO,GmbH,True,USO,GmbH,True,,,False,,,False,,,False,,,False,,,False
American Express Company mit Beschrankter Haftung,USO,GmbH,True,USO,GmbH,True,,,False,,,False,,,False,,,False,,,False
American News Company,,,False,,,False,,,False,,,False,,,False,,,False,USC,GmbH,True
American Oil Company,,,False,,,False,,,False,,,False,,,False,,,False,USO,GmbH,True
Amira Akt.-Ges.,,,False,,,False,,,False,,,False,USC,AG,True,,,False,,,False
Anhaltische Kohlenwerke,,,False,,,False,,,False,,,False,USC,AG,True,USC,AG,True,,,False
Anker Kohlen & Brikettwerke G.m.b.H.,USO,GmbH,True,,,False,,,False,,,False,,,False,,,False,,,False
Artus Hanse Transport G.m.b.H.,USO,GmbH,True,,,False,,,False,,,False,,,False,,,False,,,False
Askania Werke A. G.,,,False,DEO,AG,True,,,False,,,False,,,False,,,False,,,False
Associated Merchandising Corp. GmbH,USO,GmbH,True,,,False,,,False,,,False,,,False,,,False,,,False
Associated Press,USO,Others,True,,,False,,,False,,,False,,,False,,,False,,,False
Atreco Oel-Handels GmbH.,USO,GmbH,True,,,False,,,False,,,False,,,False,,,False,,,False
August Thyssen-Bank Akt.-Ges.,,,False,,,False,,,False,,,False,USOP,AG,True,,,False,,,False
B.K.S. Handelsgesellschaft m.b.H.,USO,GmbH,True,,,False,USO,GmbH,True,USO,GmbH,True,,,False,,,False,,,False
Bakelite Gesellschaft,,,False,,,False,,,False,USO,GmbH,True,,,False,,,False,USO,GmbH,True
"Baruta Import and Export, GmbH",USO,GmbH,True,,,False,,,False,,,False,,,False,,,False,,,False
Bates Maschinen GmbH,USO,GmbH,True,,,False,,,False,,,False,,,False,,,False,,,False
Bausch & Lomb Optical Co.,,,False,,,False,,,False,USC,GmbH,True,,,False,,,False,USO,GmbH,True
Bayerische Mineral Industrie AG,USO,AG,True,,,False,,,False,,,False,USO,AG,True,USO,AG,True,,,False
Bayerische Reisszeugfabrik AG,USO,AG,True,,,False,,,False,,,False,USC,AG,True,USC,AG,True,,,False
Bekleidungs-Aktiengesellschaft,USO,AG,True,,,False,,,False,,,False,,,False,,,False,,,False
Belton A.G.,,,False,USO,AG,True,,,False,,,False,,,False,,,False,,,False
Bergwerkgesellschaft Georg von Giesche's Erben,,,False,,,False,USO,GmbH,True,USO,GmbH,True,,,False,,,False,,,False
"Berlin-Oberschoeneweide, Germany",,,False,,,False,,,False,USO,GmbH,True,,,False,,,False,,,False
Berliner Kraft- und Licht-Aktiengesellschaft,,,False,,,False,,,False,,,False,USC,AG,True,USOP,AG,True,,,False
Berliner Städtische Elektrizitätswerke Akt.-Ges. (BEWAG),,,False,,,False,,,False,,,False,USC,AG,True,USOP,AG,True,,,False
Berliner Telephonie AG,USO,AG,True,USO,AG,True,,,False,,,False,,,False,,,False,,,False
Bernauer & Co.,USO,GmbH,True,,,False,,,False,,,False,,,False,,,False,,,False
Bernhoeft & Wilde,USO,GmbH,True,,,False,,,False,,,False,,,False,,,False,,,False
"Betz & Jay, GmbH",USO,GmbH,True,USO,GmbH,True,,,False,,,False,,,False,,,False,,,False
"Billeter & Klunz, Aktiengesellschaft",,,False,,,False,,,False,,,False,USC,AG,True,USC,AG,True,,,False
Blaw-Knox,,,False,,,False,USC,GmbH,True,USC,GmbH,True,,,False,,,False,USO,GmbH,True
"Born, Mehring & Co, G.m.b.H.",USO,GmbH,True,,,False,,,False,,,False,,,False,,,False,,,False
Boston Blacking Company G.m.b.H.,USO,GmbH,True,,,False,,,False,,,False,,,False,,,False,USO,GmbH,True
Branch-Dr. Deimel's Maschenleinen-Fabrik-(Deimel Linen-Mesh System Co. U.S.A.),USO,Others,True,,,False,,,False,,,False,,,False,,,False,,,False
Brankaer Eisenwerke,USO,AG,True,,,False,USO,AG,True,USO,AG,True,,,False,,,False,,,False
British-American Tobacco (Deutschland) G.m.b.H. ,,,False,USOP,GmbH,True,,,False,,,False,,,False,,,False,,,False
Bronzefarbenwerke A.-G. vorm. Carl Schlenk,,,False,,,False,,,False,,,False,USOP,AG,True,,,False,,,False
Busscher & Hoffman Aktiengesellschaft,USO,AG,True,,,False,,,False,,,False,,,False,,,False,,,False
"Butler Brothers, G.m.b.H.",USO,GmbH,True,,,False,,,False,,,False,,,False,,,False,USO,GmbH,True
C. H. Knorr A.G.,USO,AG,True,,,False,,,False,,,False,,,False,,,False,,,False
C. Lorenz AG,,,False,USO,AG,True,,,False,,,False,USO,AG,True,USO,AG,True,,,False
Carrier Lufttechnische Gesellschaft,,,False,,,False,USC,GmbH,True,,,False,,,False,,,False,,,False
Cehapon Werk G.m.b.H.,USO,GmbH,True,,,False,,,False,,,False,,,False,,,False,,,False
Ch. Eitingon AG,USO,AG,True,,,False,USO,AG,True,USO,AG,True,USC,AG,True,USOP,AG,True,,,False
Chemische Fabrik Von Heyden of Germany,,,False,,,False,,,False,USC,Others,True,,,False,,,False,,,False
Chemische Werke Odin (Germany),,,False,,,False,USO,GmbH,True,USO,GmbH,True,,,False,,,False,,,False
Chesebrough Manufacturing Co. G.m.b.H.,USO,GmbH,True,,,False,,,False,,,False,,,False,,,False,USO,GmbH,True
Claudius Peters Aktiengesellschaft.,,,False,,,False,,,False,,,False,,,False,USOP,AG,True,,,False
Coca-Cola G.m.b.H.,USO,GmbH,True,USO,GmbH,True,,,False,,,False,,,False,,,False,USO,GmbH,True
Columbia Film,,,False,,,False,,,False,,,False,,,False,,,False,USC,GmbH,True
Commercial Investment Trust Akt.-Ges. (Citag),,,False,,,False,,,False,,,False,USO,AG,True,USO,AG,True,,,False
Comptometer G.m.b.H.,USO,GmbH,True,,,False,,,False,,,False,,,False,,,False,,,False
Concordia Hotel-Akt.-Ges.,,,False,,,False,,,False,,,False,USC,AG,True,,,False,,,False
Continale Cautchoucgesellschaft,,,False,USO,GmbH,True,,,False,,,False,,,False,,,False,,,False
"Continentale Crown Cork & Seal Co., G.m.b.H., Frankenthal Germany",,,False,,,False,,,False,USO,GmbH,True,,,False,,,False,,,False
Continentale Gummiwerke A.G. ,,,False,USO,AG,True,,,False,,,False,,,False,,,False,,,False
Convertgarten A.G.,USO,AG,True,,,False,,,False,,,False,,,False,,,False,,,False
Corn Products Co.,,,False,,,False,,,False,,,False,,,False,,,False,USO,GmbH,True
Cosmo Montangesellschaft fuer metallurgische Interessen m.b.H.,USO,GmbH,True,,,False,,,False,,,False,,,False,,,False,,,False
Credit Aktiengesellschaft für Ford-Fahrzeuge.,,,False,USO,AG,True,,,False,,,False,USC,AG,True,USC,AG,True,,,False
Creed Telegraph Apparate G.m.b.H.,,,False,USO,GmbH,True,,,False,,,False,,,False,,,False,,,False
D. S. Loewe Radio A.G. of Berlin (Germany) ,,,False,,,False,,,False,USC,AG,True,,,False,,,False,,,False
Damm & Ladwig Kommandit Gesellschaft und Dulv Aktiengesellschaft,USO,AG,True,USO,Others,True,USO,AG,True,USO,AG,True,USOP,AG,True,,,False,,,False
Danziger Handels- und Industriebank Akt.-Ges.,,,False,,,False,,,False,,,False,USC,AG,True,,,False,,,False
Danziger Hypothekenbank Akt.-Ges.,,,False,,,False,,,False,,,False,USC,AG,True,,,False,,,False
Dartex Aktiengesellschaft für Kautschuk-Verarbeitung,,,False,,,False,USO,AG,True,,,False,USO,AG,True,,,False,,,False
"Defaka, Deustche Familienkaufhaus G.m.b.H.",USO,GmbH,True,,,False,,,False,,,False,,,False,,,False,,,False
Denver Chemical Mfg. Co. G.m.b.H.,USO,GmbH,True,,,False,,,False,,,False,,,False,,,False,,,False
Deustche Babcock & Wilcock,USO,AG,True,,,False,,,False,,,False,,,False,,,False,,,False
Deutsch-Amerikanische Petroleum-Gesellschaft,USO,AG,True,USO,AG,True,USO,AG,True,USO,AG,True,USO,AG,True,USO,AG,True,,,False
Deutsch-Atlantische Telegraphengesellschaft,,,False,,,False,,,False,,,False,USOP,AG,True,USC,AG,True,,,False
Deutsche American Shipping Co. (Bremen) G.m.b.H.,USO,GmbH,True,,,False,,,False,,,False,,,False,,,False,,,False
Deutsche Babcock & Wilcox Dampfkessel-Werke AG,,,False,,,False,,,False,,,False,,,False,USOP,AG,True,,,False
Deutsche Burroughs Rechenmaschinen AG,USO,AG,True,USO,AG,True,,,False,,,False,,,False,,,False,,,False
Deutsche Carborumdum Werke,USO,GmbH,True,,,False,,,False,,,False,,,False,,,False,,,False
Deutsche Celotex Vertrieb,,,False,,,False,,,False,USO,GmbH,True,,,False,,,False,USO,GmbH,True
Deutsche Fox-Film Aktiengesellschaft,,,False,USO,AG,True,USO,AG,True,USO,AG,True,USOP,AG,True,USC,AG,True,,,False
Deutsche Gasolin AG,USO,AG,True,USO,AG,True,,,False,,,False,,,False,,,False,,,False
"Deutsche Geschaftmaschinen Gesellschaft, m.b.H.",,,False,,,False,USO,GmbH,True,,,False,,,False,,,False,,,False
Deutsche Goodrich Compagnie G.m.b.H.,,,False,USO,GmbH,True,,,False,,,False,,,False,,,False,,,False
Deutsche Heraklith A.G.,USO,AG,True,,,False,,,False,,,False,,,False,,,False,,,False
"Deutsche Hollerith Maschinen Gesellschaft, m.b.H.",USO,GmbH,True,USO,GmbH,True,USO,GmbH,True,,,False,,,False,,,False,,,False
"Deutsche Houghton Fabrik, K. G.",USC,Others,True,,,False,,,False,,,False,,,False,,,False,,,False
Deutsche Johnson A. G.,,,False,USO,AG,True,,,False,,,False,USC,AG,True,,,False,,,False
Deutsche Landerbank Aktiengesellschaft,USO,AG,True,,,False,,,False,,,False,,,False,,,False,,,False
Deutsche Libbey-Owens Gesellschaft für machinelle Glasherstellung A.G.,,,False,USO,AG,True,USC,Others,True,USC,Others,True,,,False,,,False,,,False
"Deutsche Libby Gesellschaft, m.b.H.",USO,GmbH,True,,,False,,,False,,,False,,,False,,,False,,,False
Deutsche Maizena G.m.b.H.,,,False,USO,GmbH,True,,,False,,,False,,,False,,,False,,,False
Deutsche Maizena Werke AG,USO,AG,True,USO,AG,True,,,False,,,False,USC,AG,True,USC,AG,True,,,False
"Deutsche Norton-Gesellschaft, m.b.H.",USO,GmbH,True,USO,GmbH,True,USO,GmbH,True,USO,GmbH,True,,,False,,,False,,,False
"Deutsche Royal Backpulver, Gesellschaft m.b.H, Berlin, Germany.",,,False,USO,GmbH,True,USO,GmbH,True,USO,GmbH,True,,,False,,,False,,,False
Deutsche Schollwerke G.m.b.H.,USO,GmbH,True,,,False,,,False,,,False,,,False,,,False,,,False
Deutsche Standard Werke G. m. b. H.,,,False,,,False,,,False,USO,GmbH,True,,,False,,,False,,,False
Deutsche Tafelglas Aktiengesellschaft (Detag). ,,,False,USO,AG,True,,,False,,,False,,,False,USOP,AG,True,,,False
"Deutsche Timken G.m.b.H., of Berlin",,,False,USO,GmbH,True,USO,GmbH,True,USOP,GmbH,True,,,False,,,False,,,False
Deutsche Ueberseeische Bank,,,False,,,False,,,False,,,False,USC,AG,True,,,False,,,False
Deutsche Underwood Elliott Fisher G.m.b.H.,USO,GmbH,True,,,False,,,False,,,False,,,False,,,False,USO,GmbH,True
"Deutsche Universal Film, A.G.",USO,AG,True,USO,AG,True,,,False,USO,AG,True,,,False,,,False,,,False
Deutsche Vacuum Oel AG,USO,AG,True,USO,AG,True,,,False,,,False,,,False,,,False,,,False
Deutsche Vereinigte Schuhmaschinen Gesellschaft,USO,GmbH,True,,,False,,,False,,,False,,,False,,,False,,,False
Deutsche Vertriebs Gesellschaft m.b.H. für Naturgetränke,,,False,USO,GmbH,True,,,False,,,False,,,False,,,False,,,False
Deutsche Worthington Gesellschaft m.b.H.,USO,GmbH,True,USO,GmbH,True,USO,GmbH,True,USO,GmbH,True,,,False,,,False,,,False
Deutsche-Fox Film A.G.,USO,AG,True,,,False,,,False,,,False,,,False,,,False,,,False
Dietaphone Co. m.b.H.,USO,GmbH,True,,,False,,,False,,,False,,,False,,,False,,,False
Dorr Gesellschaft m.b.H.,USO,GmbH,True,USO,GmbH,True,,,False,,,False,,,False,,,False,,,False
"Dorr-Oliver G.m.b.H., Berlin, Germany",,,False,,,False,USO,GmbH,True,,,False,,,False,,,False,,,False
Dr. Erich F. Huth G.m.b.H.,USO,GmbH,True,USO,GmbH,True,,,False,,,False,,,False,,,False,,,False
Dreipreis Waren-Vertriebs-Aktiengesellschaft in Liqu.,,,False,,,False,,,False,,,False,USC,AG,True,,,False,,,False
Duco AG,USO,AG,True,USO,AG,True,,,False,,,False,,,False,,,False,,,False
Dumont,USO,Others,True,,,False,,,False,,,False,,,False,,,False,,,False
Durant Motors,,,False,,,False,,,False,,,False,,,False,,,False,USO,GmbH,True
"Durer Scheifmittel, G.m.b.H.",USO,GmbH,True,,,False,,,False,,,False,,,False,,,False,,,False
Dynamit-Act.-Ges. vormals Alfred Nobel & Co.,,,False,USO,AG,True,,,False,,,False,USO,AG,True,USO,AG,True,,,False
E. Gundlach A.G.,USO,AG,True,,,False,,,False,,,False,,,False,,,False,,,False
E. Merck of Munich,,,False,,,False,,,False,USC,Others,True,,,False,,,False,,,False
Eagle Oil Company of New York,,,False,,,False,,,False,,,False,,,False,,,False,USO,GmbH,True
Ebano Asphalt Gesellschaft m.b.H.,,,False,,,False,,,False,USO,GmbH,True,,,False,,,False,,,False
Ebano Asphalt-Werke Aktiengesellschaft,USO,AG,True,USO,AG,True,USO,AG,True,USO,AG,True,,,False,,,False,,,False
Eberhard Faber Kommanditgesellschaft,USO,Others,True,,,False,,,False,,,False,,,False,,,False,,,False
Edoel-Bergbau Aktiengesellschaft Celle Norddeutsche Mineraloel Aktiengesellschaft,USO,AG,True,,,False,,,False,,,False,,,False,,,False,,,False
Eduard Winter Akt.-Ges. für Kraftfahrzeuge,,,False,,,False,,,False,,,False,USC,AG,True,,,False,,,False
Eisenbahn Verkehrsmittel A.-G.,,,False,,,False,USC,AG,True,USC,AG,True,,,False,,,False,,,False
Eisenhof G.m.b.H.,USO,GmbH,True,,,False,,,False,,,False,,,False,,,False,,,False
Eisenlager G.m.b.H.,USO,GmbH,True,,,False,,,False,,,False,,,False,,,False,,,False
"Electrochemical Works of Munich, Germany",,,False,,,False,,,False,USC,Others,True,,,False,,,False,,,False
Elektrolux,,,False,,,False,,,False,,,False,,,False,,,False,USO,GmbH,True
Elektrolux A.G.,,,False,USO,AG,True,,,False,,,False,,,False,,,False,,,False
Elisabeth Arden G.m.b.H.,USO,GmbH,True,,,False,,,False,,,False,,,False,,,False,,,False
Emas A.G. fuer Strassenbaubedarf,,,False,,,False,,,False,USO,AG,True,,,False,,,False,,,False
"Emas Gesellschaft Fuer Strassenbaubedarf, m.b.H.",USO,GmbH,True,,,False,,,False,,,False,,,False,,,False,,,False
Emge-Union Oesterreichische Telephonwerke A.G.,,,False,USO,AG,True,,,False,,,False,,,False,,,False,,,False
Emil Frei Art Glass Co.,USO,Others,True,,,False,,,False,,,False,,,False,,,False,,,False
Emil Koster Aktiengesellschaft,USO,AG,True,,,False,,,False,,,False,,,False,,,False,,,False
"Emlichheimer Kartoffelmehlfabrik, Aktiengesellschaft,",,,False,,,False,,,False,,,False,USC,AG,True,,,False,,,False
Enziger Union Werke AG,,,False,DEO,AG,True,,,False,,,False,,,False,,,False,,,False
Equitable Life Assurance Society of the United States,USO,Others,True,,,False,,,False,,,False,,,False,,,False,,,False
"Erdoelwerke Wathlingen, Wuerttembergische Mineralgesellschaft m.b.H.",,,False,,,False,,,False,USO,GmbH,True,,,False,,,False,,,False
"Erdolbergbau A.G., Celle",USO,AG,True,,,False,,,False,,,False,,,False,,,False,,,False
Erkensator G.m.b.H.,USO,GmbH,True,,,False,,,False,,,False,,,False,,,False,,,False
Ethyl Gesellschaft m.b.H.,USO,GmbH,True,,,False,,,False,,,False,,,False,,,False,,,False
Euphalt Gesellschaft m.b.H.,,,False,,,False,,,False,USO,GmbH,True,,,False,,,False,,,False
Europäische Tanklager und Transport AG,USO,AG,True,USO,AG,True,,,False,,,False,,,False,,,False,,,False
Europäische Titeflex Metallschlauch-Aktiengesellschaft,USO,AG,True,,,False,,,False,,,False,USOP,AG,True,USOP,AG,True,,,False
Explora G.m.b.H.,,,False,,,False,USO,GmbH,True,,,False,,,False,,,False,,,False
F. W. Woolworth Co.,USO,Others,True,USO,GmbH,True,USO,GmbH,True,USO,GmbH,True,,,False,,,False,,,False
Farsals-Gesellschaft m.b.H.,USO,GmbH,True,,,False,,,False,,,False,,,False,,,False,,,False
Ferdinand Schuchhardt Berliner Fernsprech-und Telegraphenwerk AG,USO,AG,True,USO,AG,True,,,False,,,False,,,False,USOP,AG,True,,,False
Finkenheerder Obstwerke Richard Sonnenberg AG,USO,AG,True,,,False,,,False,,,False,,,False,USC,AG,True,,,False
Fisk Tyre Co. m.b.H.,,,False,USO,GmbH,True,,,False,,,False,,,False,,,False,,,False
Ford-Werke AG,USO,AG,True,USO,AG,True,,,False,,,False,USO,AG,True,USO,AG,True,,,False
Fox Tönende Wochenschau Aktiengesellschaft,USO,AG,True,,,False,USO,AG,True,,,False,USC,AG,True,USC,AG,True,,,False
Fr. Wwe. Wesseling G.m.b.H.,USO,GmbH,True,,,False,,,False,,,False,,,False,,,False,,,False
Fraenkischer Metallhandel G.m.b.H.,USO,GmbH,True,,,False,,,False,,,False,,,False,,,False,,,False
Francotype-Gesellschaft of Berlin,,,False,,,False,,,False,USC,GmbH,True,,,False,,,False,,,False
Frederick Wirth & Company G.m.b.H.,USO,GmbH,True,,,False,,,False,,,False,,,False,,,False,,,False
"Freidreichstrasse, 12, G.m.b.H.",USO,GmbH,True,,,False,,,False,,,False,,,False,,,False,,,False
Frigidaire G.m.b.H.,USO,GmbH,True,USO,GmbH,True,,,False,,,False,,,False,,,False,,,False
"Fuerstenhof Carlton Hotel, A.G.",USO,AG,True,,,False,,,False,,,False,,,False,,,False,,,False
Fuhr-Betrieb G.m.b.H.,USO,GmbH,True,,,False,,,False,,,False,,,False,,,False,,,False
"Fulda Rubber Co. of Fulda, Germany",,,False,,,False,USC,GmbH,True,,,False,,,False,,,False,,,False
Fullnerwerk G.m.b.H.,USO,GmbH,True,,,False,,,False,,,False,,,False,,,False,,,False
"G. Hirsch & Sohn, G.m.b.H. Nuremberg, Germany",USO,GmbH,True,,,False,,,False,,,False,,,False,,,False,,,False
Gasbrennerfabrikation Aktiengesellschaft.,,,False,,,False,,,False,,,False,,,False,USC,AG,True,,,False
Gebrueder Boewen G.m.b.H.,USO,GmbH,True,,,False,,,False,,,False,,,False,,,False,,,False
Gebrueder Born G.m.b.H.,USO,GmbH,True,,,False,,,False,,,False,,,False,,,False,,,False
Gebrueder Hein G.m.b.H.,USO,GmbH,True,,,False,,,False,,,False,,,False,,,False,,,False
Gemeinnutsige Opel - Wohnban - G.m.b.H.,USO,GmbH,True,,,False,,,False,,,False,,,False,,,False,,,False
General Motors G.m.b.H.,USO,GmbH,True,,,False,,,False,,,False,,,False,,,False,USO,GmbH,True
Geo. Borgfeldt & Co. Aktiengesellschaft,,,False,,,False,,,False,,,False,USC,AG,True,USC,AG,True,,,False
German-American Tobacco Co.,,,False,,,False,USC,GmbH,True,,,False,,,False,,,False,USO,GmbH,True
Gesellschaft Fur Telephon-und Telegraphenbeteilungen m.b.H.,USO,GmbH,True,,,False,,,False,,,False,,,False,,,False,,,False
Gesellschaft fur Industriebeteiligungen m.b.H.,USO,GmbH,True,,,False,,,False,,,False,,,False,,,False,,,False
Gesellschaft fur markt und schgerechte Werberatung,USO,GmbH,True,,,False,,,False,,,False,,,False,,,False,,,False
Gesellschaft für Telephon und Telegraphenbeteiligungen G.m.b.H.,,,False,USO,GmbH,True,,,False,,,False,,,False,,,False,,,False
Gew. Lintorfer Erzbergwerke,USO,Others,True,,,False,,,False,,,False,,,False,,,False,,,False
Gew. Selbecker Bergwerks Verein,USO,Others,True,,,False,,,False,,,False,,,False,,,False,,,False
Gewerkschaft Alfred,USO,Others,True,,,False,,,False,,,False,,,False,,,False,,,False
Gewerkschaft Ave 5,USO,Others,True,,,False,,,False,,,False,,,False,,,False,,,False
Gewerkschaft Brigitta,USC,Others,True,,,False,,,False,,,False,,,False,,,False,,,False
Gewerkschaft Carlsburg III,USO,Others,True,,,False,,,False,,,False,,,False,,,False,,,False
Gewerkschaft Carolus Magnus,USO,Others,True,,,False,,,False,,,False,,,False,,,False,,,False
Gewerkschaft Diergardt-Mevissen,USO,Others,True,,,False,,,False,,,False,,,False,,,False,,,False
Gewerkschaft Konberg II,USO,Others,True,,,False,,,False,,,False,,,False,,,False,,,False
Gewerkschaft Mathias Stinnes,USO,Others,True,,,False,,,False,,,False,,,False,,,False,,,False
Gewerkschaft Ostfeld 1,USO,Others,True,,,False,,,False,,,False,,,False,,,False,,,False
Gewerkschaft Regina zu Caan,,,False,,,False,,,False,USO,GmbH,True,,,False,,,False,,,False
"Gillette Safety Razor Company, G.m.b.H.",USO,GmbH,True,USO,GmbH,True,,,False,,,False,,,False,,,False,USO,GmbH,True
"Glasfabrik, Aktiengesellschaft.",,,False,,,False,,,False,,,False,,,False,USC,AG,True,,,False
Glaswerke Ruhr A.G.,USO,AG,True,,,False,,,False,,,False,,,False,,,False,,,False
Gluckskles Import and Export Gesellschaft m.b.H.,USO,GmbH,True,,,False,,,False,,,False,,,False,,,False,,,False
Gluckskles Michgesellschaft m.b.H.,USO,GmbH,True,,,False,,,False,,,False,,,False,,,False,,,False
Godecke & Co. Chemische Fabrik A.G.,USO,AG,True,USO,AG,True,,,False,,,False,,,False,,,False,,,False
Godecke & Co. Chemische Fabrik und Export A.G.,USO,AG,True,,,False,,,False,,,False,,,False,,,False,,,False
Great American Insurance Co. - Home Insurance Co. - Hartford Fire Insurance Co.,USO,Others,True,,,False,,,False,,,False,,,False,,,False,,,False
Gustav Lohse AG,,,False,USO,AG,True,,,False,,,False,,,False,,,False,,,False
"H. & P. Sauermann, A.G.",USO,AG,True,,,False,,,False,,,False,,,False,,,False,,,False
"H. A. Bender Bohne, of Mannheim, Germany",,,False,,,False,USO,GmbH,True,,,False,,,False,,,False,,,False
H. B. Blumenthal,USO,GmbH,True,,,False,,,False,,,False,,,False,,,False,,,False
"H. K. Mccann Company, m.b.H.",USO,GmbH,True,,,False,,,False,,,False,,,False,,,False,,,False
H. W. Heidman,USO,Others,True,,,False,,,False,,,False,,,False,,,False,,,False
H. Westphal & Co.,USO,GmbH,True,,,False,,,False,,,False,,,False,,,False,,,False
"Ha-No-Mex, Handels-Akt.-Ges.",,,False,,,False,,,False,,,False,USC,AG,True,USC,AG,True,,,False
"Haendler & Natermann, Akt.-Ges.",,,False,,,False,,,False,,,False,USC,AG,True,USC,AG,True,,,False
Hamburg-Amerika Linie,,,False,USOP,Others,True,,,False,,,False,,,False,,,False,,,False
Hamburg-Amerikanische Mineralol-G.m.b.H.,USO,GmbH,True,USO,GmbH,True,,,False,USO,GmbH,True,,,False,,,False,,,False
Hamburger Hof A.G.,USO,AG,True,,,False,,,False,,,False,,,False,,,False,,,False
Hanseatische Grundbitz Gesellschaft m.b.H.,USO,GmbH,True,,,False,,,False,,,False,,,False,,,False,,,False
Harburger Bergbau G.m.b.H.,,,False,,,False,,,False,USO,GmbH,True,,,False,,,False,,,False
Haskins & Sells Revision-Gesellschaft m.b.H.,USO,GmbH,True,,,False,,,False,,,False,,,False,,,False,,,False
"Heinrich Koppers, Akt.-Ges.",,,False,,,False,,,False,,,False,USC,AG,True,,,False,,,False
Herz-Oelfabriken-Wittenberge-Aktiengesellschaft,,,False,,,False,,,False,,,False,USC,AG,True,USC,AG,True,,,False
Hirsch-Bräu Aktiengesellschaft.,,,False,,,False,,,False,,,False,,,False,USC,AG,True,,,False
"Hobart Maschinen Gesellschaft, m.b.H.",USO,GmbH,True,,,False,USO,GmbH,True,USO,GmbH,True,,,False,,,False,USO,GmbH,True
Hoffman Bugelmaschinen Gesellschaft m.b.H.,USO,GmbH,True,USO,GmbH,True,,,False,USO,GmbH,True,,,False,,,False,,,False
Holm & Molzen G.m.b.H.,USO,GmbH,True,,,False,,,False,,,False,,,False,,,False,,,False
Holophane-Gesellschaft,,,False,,,False,,,False,,,False,,,False,,,False,USOP,GmbH,True
Holzwarth Gasturbinen,USO,GmbH,True,,,False,,,False,,,False,,,False,,,False,,,False
Hoover G.m.b.H.,USO,GmbH,True,,,False,,,False,,,False,,,False,,,False,,,False
Hotel Atlantic A.G.,USO,AG,True,,,False,,,False,,,False,,,False,,,False,,,False
Houghton Deutsche Fabrik K.G.,USC,Others,True,,,False,,,False,,,False,,,False,,,False,,,False
Hudson Esser Motors Company M.H.,USO,GmbH,True,,,False,,,False,,,False,,,False,,,False,,,False
Hugo Stinnes G.m.b.H.,USO,GmbH,True,USO,GmbH,True,USO,GmbH,True,USO,GmbH,True,,,False,,,False,,,False
Hugo Stinnes Reederei A.G.,USO,AG,True,,,False,,,False,,,False,,,False,,,False,,,False
Hupp Motors,,,False,,,False,,,False,,,False,,,False,,,False,USOP,GmbH,True
I. G. Farbenindustrie,,,False,,,False,,,False,USC,AG,True,,,False,,,False,,,False
Iduna Holding Aktiengesellschatt,,,False,,,False,,,False,,,False,USO,AG,True,USO,AG,True,,,False
Ilseder Hütte,,,False,,,False,,,False,,,False,,,False,USOP,AG,True,,,False
Industrie lackwerke A.G.,USO,AG,True,,,False,,,False,,,False,,,False,,,False,,,False
Industrie-Export Aktiengesellschaft,USO,AG,True,,,False,,,False,,,False,,,False,,,False,,,False
Ingersoll-Rand,,,False,,,False,,,False,,,False,,,False,,,False,USO,GmbH,True
Injecta Aktiengesellschaft zur Fabrikation Chiurgischer Instruments,USO,AG,True,,,False,,,False,,,False,,,False,,,False,,,False
Intava Arbeitsgemeinschaft Der Deutsche-Amerikanischen Petroleum-Gesellschaft Und Der Deutschen Vacuum Oil - Aktiengesellschaft Fur Entwicklung Und Vertrieb Von Luftfahrt-Kraft- Und Schmierstoffen,USO,Others,True,,,False,,,False,,,False,,,False,,,False,,,False
"International Harvester Company, m.b.H.",USO,GmbH,True,USO,GmbH,True,USO,GmbH,True,USO,GmbH,True,,,False,,,False,USO,GmbH,True
International Mortgage & Investment Corporation,USO,Others,True,,,False,,,False,,,False,,,False,,,False,,,False
Internationale Pressluft und Elektricitats Gesellschaft m.b.H. (Ipeg),USO,GmbH,True,USO,GmbH,True,USO,GmbH,True,USO,GmbH,True,,,False,,,False,,,False
Intertype Fabrik G.m.b.H.,USO,GmbH,True,,,False,USO,GmbH,True,USO,GmbH,True,,,False,,,False,,,False
Intertype Setzmaschinen G.m.b.H.,USO,GmbH,True,,,False,USO,GmbH,True,USO,GmbH,True,,,False,,,False,,,False
Iris Type G.m.b.H.,USO,GmbH,True,USO,GmbH,True,,,False,,,False,,,False,,,False,,,False
Ivers & Company,USO,Others,True,,,False,,,False,,,False,,,False,,,False,,,False
J. E. Bernard & Co. G.m.b.H.,USO,GmbH,True,,,False,,,False,,,False,,,False,,,False,,,False
J. P. Bemberg A.G.,,,False,,,False,DEO,AG,True,DEO,AG,True,,,False,,,False,,,False
Jacob Trefz & Soehne,USO,GmbH,True,,,False,,,False,,,False,,,False,,,False,,,False
Jahresuhren Fabrik G.m.b.H.,USO,GmbH,True,,,False,,,False,,,False,,,False,,,False,,,False
Jocca Werke G.m.b.H.,USO,GmbH,True,USO,GmbH,True,,,False,,,False,,,False,,,False,,,False
Johann Lorenz Michel G.m.b.H.,USO,GmbH,True,,,False,,,False,,,False,,,False,,,False,,,False
Julius Pintsch A.-G.,,,False,USO,AG,True,USC,AG,True,USC,AG,True,,,False,,,False,,,False
Kaehler,USO,Others,True,,,False,,,False,,,False,,,False,,,False,,,False
Kaliwerke Sollstedt Gewerkschaft,,,False,USO,GmbH,True,,,False,,,False,,,False,,,False,,,False
Kardex Akt.-Ges. fir Büroartikel,USO,AG,True,,,False,,,False,,,False,USC,AG,True,USC,AG,True,,,False
Kardex System G.m.b.H.,USO,GmbH,True,,,False,,,False,,,False,,,False,,,False,,,False
Karl Fr. Tollner Nachrmittelfabrik G.m.b.H.,USO,GmbH,True,,,False,,,False,,,False,,,False,,,False,,,False
Kastor & Co. Akt.-Ges.,,,False,,,False,,,False,,,False,USC,AG,True,USC,AG,True,,,False
"Kayser Textile-Gesellschaft, m. b. H. in Saxony",,,False,USO,GmbH,True,USO,GmbH,True,USO,GmbH,True,,,False,,,False,,,False
"Kleinerts Hanseatische, Gummiwerke Gesellschaft mit beschankter Haftung",USO,GmbH,True,,,False,USO,GmbH,True,USO,GmbH,True,,,False,,,False,,,False
Kodak Aktiengesellschaft,USO,AG,True,USO,AG,True,USO,AG,True,USO,AG,True,USO,AG,True,,,False,,,False
Kodak Gesellschaft m. b. H.,,,False,,,False,,,False,USO,GmbH,True,,,False,,,False,,,False
Koehlmann Werke A.G.,USO,AG,True,,,False,,,False,,,False,,,False,,,False,,,False
Koenig Medicine Company,USOP,Others,True,,,False,,,False,,,False,,,False,,,False,,,False
Koenigsberger Kohlen & Koks G.m.b.H.,USO,GmbH,True,,,False,,,False,,,False,,,False,,,False,,,False
Kohlen Import & Poseidon A.G.,USO,AG,True,,,False,,,False,,,False,,,False,,,False,,,False
"Kohlenscheidungs-Gesellschaft, m.b.H.",USO,GmbH,True,,,False,USO,GmbH,True,,,False,,,False,,,False,,,False
Kohlenveredlung und Schwelwerke Aktiengesellschaft,,,False,,,False,,,False,,,False,USOP,AG,True,,,False,,,False
Kohler-Werke G.m.b.H.,USO,GmbH,True,USO,GmbH,True,,,False,,,False,,,False,,,False,,,False
Kohleverkauf Ludwig Jung G.m.b.H.,USO,GmbH,True,,,False,,,False,,,False,,,False,,,False,,,False
"Korkfabrik, Frankenthal Bender & Co., of Frankenthal, Germany",,,False,,,False,USO,GmbH,True,,,False,,,False,,,False,,,False
Kraft Kaese Werke G.m.b.H.,USO,GmbH,True,USO,GmbH,True,,,False,,,False,,,False,,,False,USO,GmbH,True
Kristall Glaswerk A.G.,USO,AG,True,,,False,,,False,,,False,,,False,,,False,,,False
Kuehltransit A.-G.,,,False,,,False,USC,AG,True,USC,AG,True,,,False,,,False,,,False
Kurt Wachtel AG,USO,AG,True,,,False,,,False,USO,AG,True,,,False,USC,AG,True,,,False
Königstadt-Aktiengesellschaft f. Grundstücke u. Industrie,,,False,,,False,,,False,,,False,USC,AG,True,USC,AG,True,,,False
L. C. Smith & Corona Schreihmaschinen G.m.b.H.,USO,GmbH,True,,,False,USO,GmbH,True,USO,GmbH,True,,,False,,,False,,,False
Lindor Werke G.m.b.H.,USO,GmbH,True,USO,GmbH,True,,,False,,,False,,,False,,,False,,,False
"Linotype, G.m.b.H.",USO,GmbH,True,,,False,,,False,,,False,,,False,,,False,,,False
"Lohse, Gustave A.G.",USO,AG,True,,,False,,,False,,,False,,,False,,,False,,,False
Lorenz Radio Vertriebe G.m.b.H.,USO,GmbH,True,USO,GmbH,True,,,False,,,False,,,False,,,False,,,False
"Lorenz, C. A.G.",USO,AG,True,,,False,,,False,,,False,,,False,,,False,,,False
Ludwig Sudicates G.m.b.H.,USO,GmbH,True,USO,GmbH,True,,,False,,,False,,,False,,,False,,,False
M. Rast & Sohn G.m.b.H.,USO,GmbH,True,,,False,,,False,,,False,,,False,,,False,,,False
"M. Wulfsohn & Co., Aktiengesellschaft in Liqu.",,,False,,,False,,,False,,,False,USC,AG,True,,,False,,,False
Magnesium Development Co.,,,False,,,False,,,False,USC,Others,True,,,False,,,False,,,False
Maizenhaus Gesellschaft m.b.H.,USO,GmbH,True,,,False,,,False,,,False,,,False,,,False,,,False
Markt & Co.,USO,Others,True,,,False,,,False,,,False,,,False,,,False,,,False
Maschinen-Export G.m.b.H.,USO,GmbH,True,,,False,,,False,,,False,,,False,,,False,,,False
Maschinenfabrik Augsburg Nurnberg A. G. of Germany,,,False,,,False,,,False,USC,AG,True,,,False,,,False,,,False
Maschinenfabrik Banning & Seybold A.G.,USO,AG,True,,,False,,,False,,,False,,,False,,,False,,,False
Maschinenfabrik Turner AG,USO,AG,True,,,False,,,False,,,False,USC,AG,True,,,False,,,False
Maschinenfabriken Wagner-Doerries Aktiengesellschaft (formerly: Maschinenfabrik Aktiengesellschaft vorm. Wagner & Co. ),USO,AG,True,,,False,,,False,,,False,,,False,,,False,,,False
Maschinenfabril EINSIEDEL G.m.b.H.,USO,GmbH,True,,,False,,,False,,,False,,,False,,,False,,,False
Maschinenoel Import Gesellschaft m.b.H.,USO,GmbH,True,,,False,,,False,,,False,,,False,,,False,,,False
Mathias Stinnes G.m.b.H.,USO,GmbH,True,USO,GmbH,True,,,False,USO,GmbH,True,,,False,,,False,,,False
Mecklenburgische Erdol G.m.b.H.,USO,GmbH,True,,,False,,,False,,,False,,,False,,,False,,,False
Mercedes Buromaschinen Werke AG,USO,AG,True,USO,AG,True,USOP,AG,True,USOP,AG,True,USOP,AG,True,USO,AG,True,,,False
"Mergenthaler Setzmaschinen-Fabrik, G.m.b.H.",USO,GmbH,True,USO,GmbH,True,USO,GmbH,True,USO,GmbH,True,,,False,,,False,,,False
Metal & Thermit Corporation,,,False,,,False,,,False,USC,Others,True,,,False,,,False,,,False
Metallgesellschaft A.G.,,,False,DEO,Others,True,,,False,,,False,,,False,,,False,,,False
Metallisator Akt.-Ges.,,,False,,,False,,,False,,,False,USO,AG,True,USC,AG,True,,,False
Metallisator Berlin Akt.-Ges.,,,False,,,False,,,False,,,False,USO,AG,True,USO,AG,True,,,False
"Metallkentor, G.m.b.H.",USO,GmbH,True,,,False,,,False,,,False,,,False,,,False,,,False
Metallpulver G.m.b.H.,USO,GmbH,True,,,False,,,False,,,False,,,False,,,False,,,False
"Metallwaaren Gesellschaft m. b. H., of Aachen",,,False,USO,GmbH,True,USO,GmbH,True,USO,GmbH,True,,,False,,,False,,,False
Metallwarenvertrieb G.m.b.H.,USO,GmbH,True,,,False,,,False,,,False,,,False,,,False,,,False
Metro-Goldwyn-Mayer Film AG,USO,AG,True,USO,AG,True,,,False,,,False,USOP,AG,True,,,False,,,False
Midgard Deutsche Seeverkehrs A.G.,USO,AG,True,,,False,,,False,,,False,,,False,,,False,,,False
Mineraloel-Raffinerie vorm. August Korff,USO,AG,True,USO,AG,True,,,False,,,False,USO,AG,True,USO,AG,True,,,False
Minimax A. G.,,,False,DEO,AG,True,,,False,,,False,,,False,,,False,,,False
Mix & Genest AG,USO,AG,True,USO,AG,True,,,False,,,False,USO,AG,True,USO,AG,True,,,False
"Mix & Genest Hansawerke , G.m.b.H.",USO,GmbH,True,USO,GmbH,True,,,False,,,False,,,False,,,False,,,False
Mondamin Gesellschaft,USO,GmbH,True,,,False,,,False,,,False,,,False,,,False,,,False
Morris & Co. G.m.b.H.,USO,GmbH,True,,,False,,,False,,,False,,,False,,,False,,,False
"Moto Meter Gesellschaft, m. b. H.",,,False,,,False,USO,GmbH,True,USO,GmbH,True,,,False,,,False,,,False
Muelberger & Co. G.m.b.H.,USO,GmbH,True,,,False,,,False,,,False,,,False,,,False,,,False
Muelheimer Bergwerks Verein A.G.,USO,AG,True,,,False,,,False,,,False,,,False,,,False,,,False
"Mundlos Akteingesellschaft, Magdeburg",USO,AG,True,,,False,,,False,,,False,,,False,,,False,,,False
Mülheimer Bergwerke Verein AG,,,False,USO,AG,True,,,False,,,False,USC,AG,True,USC,AG,True,,,False
Münchener Rückversicherungs-Gesellschaft,,,False,,,False,,,False,,,False,USC,AG,True,USC,AG,True,,,False
Nassauer Hof A.G. (Hotel Nassau),USO,AG,True,,,False,,,False,,,False,,,False,,,False,,,False
National-Film Verleih- u. Vertriebs-Aktiengeseilschaft,,,False,,,False,,,False,,,False,USOP,AG,True,USOP,AG,True,,,False
National-Krupp Registrier-Kassen G.m.b.H.,USO,GmbH,True,USO,GmbH,True,,,False,USO,GmbH,True,,,False,,,False,,,False
Nationale Radiator Gesellschaft m.b.H.,USO,GmbH,True,USO,GmbH,True,USO,GmbH,True,USO,GmbH,True,,,False,,,False,,,False
Neue Gross-Berliner Haus-Aktiengesellschaft,,,False,,,False,,,False,,,False,USC,AG,True,,,False,,,False
Nica Nickelindustrie A.G.,USO,AG,True,,,False,,,False,,,False,,,False,,,False,,,False
"Nickel Informationburo, G.m.b.H.",USO,GmbH,True,,,False,,,False,,,False,,,False,,,False,,,False
Niederrheinische Papier- u. Pappenfabrik Aktiengesellschaft.,,,False,,,False,,,False,,,False,,,False,USOP,AG,True,,,False
Nobel-Good-Group,,,False,,,False,USO,GmbH,True,,,False,,,False,,,False,,,False
Nord-Europaeische Oel,USOP,GmbH,True,,,False,,,False,,,False,,,False,,,False,,,False
Norddeustche Eiswerke A.G.,USO,AG,True,,,False,,,False,,,False,,,False,,,False,,,False
Norddeustche Mineraloelwerke Stettin G.m.b.H.,USO,GmbH,True,,,False,,,False,,,False,,,False,,,False,,,False
Norddeutsche Mineralöl-Aktiengesellschaft,,,False,,,False,USO,AG,True,,,False,USO,AG,True,,,False,,,False
Norddeutsche Oelmuehlenwerke A.G.,USO,AG,True,,,False,,,False,,,False,,,False,,,False,,,False
Norddeutsche Portland Cementfabrik Misburg,USOP,Others,True,,,False,,,False,,,False,,,False,,,False,,,False
Nordeuropaeische Oelgesellschaft m.b.H.,,,False,,,False,,,False,USO,GmbH,True,,,False,,,False,,,False
Northeastern Insurance Co. of Hartford,USO,Others,True,,,False,,,False,,,False,,,False,,,False,,,False
Nuernberger Kohlenhandles G.m.b.H.,USO,GmbH,True,,,False,,,False,,,False,,,False,,,False,,,False
O-Cedar,,,False,,,False,,,False,,,False,,,False,,,False,USC,GmbH,True
Oberrheinische Kohlenvertretung,USO,Others,True,,,False,,,False,,,False,,,False,,,False,,,False
Oelwerke Julius Schindler G.m.b.H.,USO,GmbH,True,USO,GmbH,True,,,False,,,False,,,False,,,False,,,False
Oesterreische Magnesit A. G.,,,False,USO,AG,True,,,False,,,False,,,False,,,False,,,False
Oldenburgische Erdol Gesellschaft m.b.H.,USO,GmbH,True,,,False,USO,GmbH,True,,,False,,,False,,,False,,,False
Oldenburgische Oelausbeutungesellschaft m.b.H.,,,False,,,False,,,False,USO,GmbH,True,,,False,,,False,,,False
Opel Automobil Versicherungs AG,USO,AG,True,USO,AG,True,,,False,,,False,,,False,USOP,AG,True,,,False
Oppelener Lagerhaus Gesellschaft,USO,GmbH,True,,,False,,,False,,,False,,,False,,,False,,,False
Oppenheimer Casing Co. m.b.H. Hamburg,USO,GmbH,True,,,False,,,False,,,False,,,False,,,False,,,False
Optima-Maschinenfabrik A.-G.,,,False,,,False,USO,AG,True,,,False,USC,AG,True,USC,AG,True,,,False
Orga Akt. Ges.,USO,AG,True,,,False,,,False,,,False,,,False,,,False,,,False
Osram G.m.b.H. Kommanditgesellschaft,USC,Others,True,USOP,GmbH,True,USOP,GmbH,True,USC,Others,True,,,False,,,False,,,False
Ost-Oel G.m.b.H.,,,False,,,False,USO,GmbH,True,,,False,,,False,,,False,,,False
Ostrhederei,USO,GmbH,True,,,False,,,False,,,False,,,False,,,False,,,False
Ota Schlesische Schurwerke Ottmuth A.G.,USO,AG,True,,,False,,,False,,,False,,,False,,,False,,,False
Otis Aufzugswerke G.m.b.H.,USO,GmbH,True,USO,GmbH,True,,,False,USO,GmbH,True,,,False,,,False,,,False
Ottensenser Eisenwerke AG,USO,AG,True,,,False,,,False,,,False,,,False,,,False,,,False
"P. Wohl, Akt.-Ges.",,,False,,,False,,,False,,,False,,,False,USC,AG,True,,,False
Palmolive-Binder & Ketals G.m.b.H.,USO,GmbH,True,USO,GmbH,True,,,False,USO,GmbH,True,,,False,,,False,,,False
Paramount Film AG,USO,AG,True,,,False,,,False,,,False,USOP,AG,True,USOP,AG,True,,,False
"Paramount Film Vertreib G. m. b. H., Berlin, Germany",,,False,,,False,USO,GmbH,True,USO,GmbH,True,,,False,,,False,,,False
"Parfume Lentheric, G.m.b.H.",USO,GmbH,True,,,False,,,False,,,False,,,False,,,False,,,False
Parker A. G.,,,False,,,False,,,False,Others,AG,True,,,False,,,False,,,False
"Parker Pen Co., G.m.b.H., Berlin, Germany",,,False,,,False,USO,GmbH,True,,,False,,,False,,,False,USO,GmbH,True
Paul Dorff A.G.,USO,AG,True,,,False,,,False,,,False,,,False,,,False,,,False
"Peat, Marwick, Mitchell & Co. (Berlin Partnership)",USC,Others,True,,,False,,,False,,,False,,,False,,,False,,,False
Permutit Filter Co. G.m.b.H.,USO,GmbH,True,,,False,,,False,,,False,,,False,,,False,,,False
Petrolifer Rohoelcompagnie A.G.,USO,AG,True,,,False,,,False,,,False,,,False,,,False,,,False
Pfaudler-Werke AG,USO,AG,True,,,False,USO,AG,True,USO,AG,True,USO,AG,True,USC,AG,True,,,False
Philip Morris & Co. Limited G.m.b.H.,USO,GmbH,True,,,False,,,False,,,False,,,False,,,False,USO,GmbH,True
Photochemie Kommandit Gesellschaft,USO,Others,True,,,False,,,False,,,False,,,False,,,False,,,False
Piehl & Pehling,USO,Others,True,,,False,,,False,,,False,,,False,,,False,,,False
Pittler Werkzeugmaschinenfabrik Aktiengesellschaft,,,False,,,False,,,False,,,False,USOP,AG,True,USOP,AG,True,,,False
Porzellanfabriken Paul Rauschert Aktiengesellschaft,,,False,,,False,,,False,,,False,USC,AG,True,USC,AG,True,,,False
Powers G.m.b.H.,USO,GmbH,True,,,False,,,False,,,False,,,False,,,False,,,False
Pressluftwerkzeug und Maschinenbau AG (Premag),USO,AG,True,USO,AG,True,USO,AG,True,USO,AG,True,,,False,,,False,,,False
Preussische Bergwerks- und Hutten Gesellschaft,,,False,DEO,AG,True,,,False,,,False,,,False,,,False,,,False
"Price, Waterhouse & Co.",USC,Others,True,,,False,,,False,,,False,,,False,,,False,,,False
Privatanschlussbahn Borgsdorf-Birkenwerder G.m.b.H.,USO,GmbH,True,,,False,,,False,,,False,,,False,,,False,,,False
"Quaker Nahrmittel, G.m.b.H.",USO,GmbH,True,,,False,,,False,,,False,,,False,,,False,,,False
Quaker Oats Co. G.m.b.H.,USO,GmbH,True,,,False,,,False,,,False,,,False,,,False,USO,GmbH,True
R. Schiffman & Co. G.m.b.H.,USO,GmbH,True,,,False,,,False,,,False,,,False,,,False,,,False
Rastatter Eisenhandel G.m.b.H.,USO,GmbH,True,,,False,,,False,,,False,,,False,,,False,,,False
Reece Machinery Company,USO,GmbH,True,,,False,USC,GmbH,True,USC,GmbH,True,,,False,,,False,USO,GmbH,True
Remington Buromaschinen G.m.b.H.,USO,GmbH,True,USO,GmbH,True,,,False,,,False,,,False,,,False,,,False
"Rheinische Schellackbleiche Ernst Kalkhof, Akt.-Ges.",,,False,,,False,,,False,,,False,USC,AG,True,USC,AG,True,,,False
Rheinische-Westfaelische Bergwerks Gesellschaft,,,False,USO,GmbH,True,USO,GmbH,True,,,False,,,False,,,False,,,False
Richard Hudnut Aktiengesellschaft,,,False,,,False,,,False,,,False,USC,AG,True,USC,AG,True,,,False
Richard Hudnut G.m.b.H.,USO,GmbH,True,USO,GmbH,True,,,False,,,False,,,False,,,False,,,False
Ritter AG,USO,AG,True,USO,AG,True,USO,AG,True,USO,AG,True,USO,AG,True,USO,AG,True,,,False
Robert Bosch A.G.,,,False,,,False,DEO,AG,True,USC,Others,True,,,False,,,False,,,False
Robert W. Hunt Company,USO,Others,True,,,False,,,False,,,False,,,False,,,False,,,False
"Rohr & Seilpost Anlagen, G.m.b.H.",USO,GmbH,True,USO,GmbH,True,,,False,,,False,,,False,,,False,,,False
"Rosskai, G.m.b.H.",USO,GmbH,True,,,False,,,False,,,False,,,False,,,False,,,False
"Roth-Buchner, G.m.b.H.",USO,GmbH,True,USO,GmbH,True,,,False,,,False,,,False,,,False,,,False
"Royal Schreihmaschinen, G.m.b.H.",USO,GmbH,True,USO,GmbH,True,USC,GmbH,True,USC,GmbH,True,,,False,,,False,,,False
Rudolf Arndt Dextrinfabrik G.m.b.H.,USO,GmbH,True,,,False,,,False,,,False,,,False,,,False,,,False
Rudolf Mueller & Soehne G.m.b.H.,USO,GmbH,True,,,False,,,False,,,False,,,False,,,False,,,False
Ruhrgebiet-Gasbrennerwerk Akt.-Ges. zu Langendreer,,,False,,,False,,,False,,,False,USC,AG,True,,,False,,,False
Rödingshof Grundstücks-Akt.-Ges.,,,False,,,False,,,False,,,False,USC,AG,True,USC,AG,True,,,False
S. Oppenheimer & Co.,,,False,,,False,,,False,,,False,,,False,,,False,USO,GmbH,True
Saatsuchwirtschaft C. Braune G.m.b.H.,USO,GmbH,True,,,False,,,False,,,False,,,False,,,False,,,False
"Schlafhorst Chemische Werke, G.m.b.H.",USO,GmbH,True,,,False,,,False,,,False,,,False,,,False,,,False
Schriftgiesserei und Messinglinienfabrik D. Stempel Akt.,USO,AG,True,,,False,,,False,,,False,,,False,,,False,,,False
Schulke & Mayr A.G.,USO,AG,True,,,False,,,False,USO,AG,True,,,False,,,False,,,False
Sela Automatic Camera,USOP,Others,True,,,False,,,False,,,False,,,False,,,False,,,False
"Siegfried-Caragen Gesellschaft fuer Kraftfahrzeuge, m.b.H.",USO,GmbH,True,,,False,,,False,,,False,,,False,,,False,,,False
"Siemens & Halske, A.G.",,,False,,,False,,,False,USOP,AG,True,,,False,,,False,,,False
Siemens -Schuckertwerke A. G.,,,False,USC,AG,True,,,False,,,False,,,False,,,False,,,False
Signal Gesellschaft m.b.H.,USO,GmbH,True,,,False,,,False,,,False,,,False,,,False,,,False
Signode System G.m.b.H.,USO,GmbH,True,,,False,,,False,,,False,,,False,,,False,,,False
Silesian American Corporation,,,False,USO,Others,True,,,False,,,False,,,False,,,False,,,False
Silesian Holding Co.,,,False,USO,Others,True,,,False,,,False,,,False,,,False,,,False
Singer Nahmaschinen AG,USO,AG,True,USO,AG,True,,,False,,,False,USC,AG,True,USC,AG,True,,,False
Singer Nahmaschinen Aktiengesellschaft,USO,AG,True,,,False,,,False,,,False,,,False,,,False,,,False
"Sparo Aktiengesellschaft, Altona-Bahrenfeld. (In Konkurs.)",,,False,,,False,,,False,,,False,USC,AG,True,,,False,,,False
Spirella Gesellschaft m.b.H.,USO,GmbH,True,,,False,,,False,,,False,,,False,,,False,,,False
Standard Elektrizitats Ges. AG,USO,AG,True,USOP,AG,True,,,False,,,False,USOP,AG,True,USC,AG,True,,,False
Standard Telephon & Radio A.G.,,,False,USO,AG,True,,,False,,,False,,,False,,,False,,,False
Standard Zahnfabrik A.G.,USO,AG,True,,,False,,,False,,,False,,,False,,,False,,,False
Stanley Works,USO,GmbH,True,,,False,,,False,,,False,,,False,,,False,,,False
Steinberger Bros.,USOP,GmbH,True,,,False,,,False,,,False,,,False,,,False,,,False
Steinberger Bros. Clove Corp. G.m.b.H.,USO,GmbH,True,,,False,,,False,,,False,,,False,,,False,,,False
Steinway & Sons,USO,Others,True,,,False,,,False,,,False,,,False,,,False,,,False
Suddeutsche Apparatefabrik Gesellschaft m.b.H.,USO,GmbH,True,USO,GmbH,True,,,False,,,False,,,False,,,False,,,False
Suddeutsche Chemische Werke,USO,GmbH,True,,,False,,,False,,,False,,,False,,,False,,,False
Suedwest A.G.,USO,AG,True,,,False,,,False,,,False,,,False,,,False,,,False
"Swift & Company, G.m.b.H.",USO,GmbH,True,,,False,,,False,,,False,,,False,,,False,,,False
Teerbaustoff Gesellschaft m.b.H.,,,False,,,False,,,False,USO,GmbH,True,,,False,,,False,,,False
Tefag Radio Vertriebs G.m.b.H.,USO,GmbH,True,USO,GmbH,True,,,False,,,False,,,False,,,False,,,False
Telephonfabrik Berliner AG,USO,AG,True,USO,AG,True,,,False,,,False,,,False,USOP,AG,True,,,False
Telmo Telephon und Telegraphen Gesellschaft m.b.H.,USO,GmbH,True,USO,GmbH,True,,,False,,,False,,,False,,,False,,,False
"Th. Goldschmidt of Essen, Germany",,,False,,,False,,,False,USC,Others,True,,,False,,,False,,,False
The Atlantic Refining Company Germany GmbH,USO,GmbH,True,USO,GmbH,True,,,False,USO,GmbH,True,,,False,,,False,,,False
The Brecht Corporation G.m.b.H.,USO,GmbH,True,,,False,,,False,,,False,,,False,,,False,,,False
The Fairbanks G.m.b.H. Company,USO,GmbH,True,,,False,,,False,,,False,,,False,,,False,USO,GmbH,True
The Goodyear Tire & Rubber Co. Aktiengesellschaft,,,False,USO,AG,True,,,False,USO,AG,True,USOP,AG,True,USOP,AG,True,,,False
"The Guardian Life Insurance Company of America, European Branch, German Business",USO,Others,True,,,False,,,False,,,False,,,False,,,False,,,False
The Overseas Casing Co. m.b.H.,USO,GmbH,True,,,False,,,False,,,False,,,False,,,False,,,False
The Stanley Works G.m.b.H.,USO,GmbH,True,,,False,USO,GmbH,True,,,False,,,False,,,False,,,False
"The Yale & Towne Manufacturing Company, Velbert Division",USO,Others,True,,,False,,,False,,,False,,,False,,,False,,,False
Tietgens & Robertson (G.m.b.H.),USO,GmbH,True,,,False,,,False,,,False,,,False,,,False,,,False
Titan-Oel-Gesellschaft m.b.H.,USO,GmbH,True,,,False,,,False,,,False,,,False,,,False,,,False
Titangesellschaft m.b.H.,USO,GmbH,True,USO,GmbH,True,USO,GmbH,True,USO,GmbH,True,,,False,,,False,,,False
Tobis Klangfilm Co.,,,False,,,False,,,False,USC,Others,True,,,False,,,False,,,False
Tobis Tonbild-Syndikat Aktiengesellschaft,,,False,,,False,,,False,,,False,USO,AG,True,,,False,,,False
Torpedo-Werke A.G.,USO,AG,True,,,False,USO,AG,True,,,False,USO,AG,True,,,False,,,False
"Transport und Lagerhaus Gesellschaft, m.b.H.",USO,GmbH,True,,,False,,,False,,,False,,,False,,,False,,,False
"Trubenis Lisensverwertungs, G.m.b.H.",USO,GmbH,True,,,False,,,False,,,False,,,False,,,False,,,False
"Unida Schiffstreuhand, G.m.b.H.",USO,GmbH,True,,,False,,,False,,,False,,,False,,,False,,,False
Union Special Maschinenfabrik G.m.b.H.,USO,GmbH,True,,,False,,,False,,,False,,,False,,,False,,,False
United Press (Deutschland) G.m.b.H.,USO,GmbH,True,,,False,,,False,,,False,,,False,,,False,,,False
United Press Associations,USO,Others,True,,,False,,,False,,,False,,,False,,,False,,,False
"United States Lines Operations, Inc.",USO,Others,True,,,False,,,False,,,False,,,False,,,False,,,False
Vaterland Oel Aktiengesellschaft,,,False,,,False,,,False,,,False,USC,AG,True,,,False,,,False
Vereinigte Aluminiumwerke A. G.,,,False,DEO,AG,True,,,False,,,False,,,False,,,False,,,False
Vereinigte Asphalt und Teerproducktenfabriken Gesellschaft mit Beschrankter Haftung,USO,GmbH,True,,,False,,,False,,,False,,,False,,,False,,,False
Vereinigte Bayerische Telephonwerke AG,USO,AG,True,USO,AG,True,,,False,,,False,,,False,,,False,,,False
Vereinigte Berliner Kohlenhandel A.G.,USO,AG,True,,,False,,,False,,,False,,,False,,,False,,,False
Vereinigte Elektrizitätswerke Westfalen Aktiengesellschaft.,,,False,,,False,,,False,,,False,,,False,USOP,AG,True,,,False
Vereinigte Glanzstoff A.G.,,,False,DEO,Others,True,DEO,AG,True,,,False,,,False,,,False,,,False
Vereinigte Königs- und Laurahütte,,,False,,,False,,,False,,,False,USO,AG,True,USOP,AG,True,,,False
Vereinigte Riegel- und Schlossfabriken Act.-Ges.,,,False,,,False,USO,AG,True,USO,AG,True,USOP,AG,True,USC,AG,True,,,False
Vereinigte Stahlwerke,,,False,USO,GmbH,True,,,False,,,False,,,False,,,False,,,False
Verkehrs & Handels Aktiengesellschaft,USO,AG,True,,,False,,,False,,,False,,,False,,,False,,,False
W. A. Schölten Stärke- und Syrup-Fabriken Aktiengesellschaft.,USO,AG,True,,,False,,,False,,,False,,,False,USO,AG,True,,,False
W. R. Warner & Co. G.m.b.H.,USO,GmbH,True,,,False,,,False,,,False,,,False,,,False,,,False
W. T. Grant Company,,,False,,,False,,,False,,,False,,,False,,,False,USOP,GmbH,True
Walsheim Brauerei Aktien-Gesellschaft vorm. Schmidt & Guttenberger.,,,False,,,False,,,False,,,False,,,False,USC,AG,True,,,False
Walter Kidde G.m.b.H.,USO,GmbH,True,,,False,,,False,,,False,,,False,,,False,,,False
Waried Tankschiff Rhederei G.m.b.H.,USO,GmbH,True,,,False,,,False,,,False,,,False,,,False,,,False
"Warner, W.R. and Co. G.m.b.H.",USO,GmbH,True,,,False,,,False,,,False,,,False,,,False,,,False
Warsteiner und Herzoglich Schleswig-Holsteinische Eisenwerke Aktiengesellschaft,,,False,,,False,,,False,,,False,USC,AG,True,,,False,,,False
Watch Tower Bible & Tract Society (Wachtturn Bibel- und Traktat-Gesellschaft),USO,Others,True,,,False,,,False,,,False,,,False,,,False,,,False
Waterman Linien (Vertretung Bremen) G.m.b.H.,USO,GmbH,True,,,False,,,False,,,False,,,False,,,False,,,False
Welheim Kohlenhandel G.m.b.H.,USO,GmbH,True,,,False,,,False,,,False,,,False,,,False,,,False
Werkhof G.m.b.H.,USO,GmbH,True,,,False,,,False,,,False,,,False,,,False,,,False
Werola Krepp & Buntpapierfabrik G.m.b.H.,USO,GmbH,True,,,False,,,False,,,False,,,False,,,False,,,False
Werschen-Weißenfelser Braunkohlen-Aktien-Gesellschaft.,,,False,,,False,,,False,,,False,,,False,USC,AG,True,,,False
West-Oel Gesellschaft m.b.H.,USO,GmbH,True,,,False,USO,GmbH,True,USO,GmbH,True,,,False,,,False,,,False
Western Electric G.m.b.H.,USO,GmbH,True,,,False,,,False,,,False,,,False,,,False,,,False
Westinghouse Bremsen Gesellschaft m.b.H.,USO,GmbH,True,,,False,,,False,,,False,,,False,,,False,,,False
Wilheim Stern & Co. G.m.b.H.,USO,GmbH,True,,,False,,,False,,,False,,,False,,,False,,,False
Wrigley Aktiengesellschaft,,,False,USO,AG,True,,,False,USO,AG,True,USOP,AG,True,USC,AG,True,,,False
Zahnfabrik Wienand Soehne & Co.,USO,GmbH,True,,,False,,,False,,,False,,,False,,,False,,,False
Zinnwerke Wilheimsburg G.m.b.H.,USO,GmbH,True,,,False,,,False,,,False,,,False,,,False,,,False
Zoellner Werke G.m.b.H.,USO,GmbH,True,,,False,,,False,,,False,,,False,,,False,,,False
Zuckerrubensaftfabrik,USO,GmbH,True,,,False,,,False,,,False,,,False,,,False,,,False
Zukunft Lebensversicherungsbank Aktiengesellschaft.,,,False,,,False,,,False,,,False,,,False,USOP,AG,True,,,False
missing,USO,Others,True,,,False,,,False,,,False,,,False,,,False,,,False
„Miag“ Mühlenbau u. Industrie Aktiengesellschaft,,,False,DEO,Others,True,,,False,,,False,USC,AG,True,USC,AG,True,,,False
